codigo_cie,nombre,categoria,palabras_clave,sintomas
D0001,Taquicardia supraventricular,Enfermedades cardiovasculares,"['azúcar en sangre', 'epilepsia', 'hipotiroidismo', 'alergia', 'infección', 'dolor']","['diarrea', 'vómitos', 'náuseas', 'dolor de cabeza', 'confusión', 'fatiga']"
D0002,Taquicardia ventricular,Enfermedades cardiovasculares,"['eczema', 'problema digestivo', 'infección', 'depresión', 'cáncer', 'diabetes']","['dolor torácico', 'dificultad para respirar', 'fiebre', 'mareos', 'tos', 'problemas para dormir']"
D0003,Fibrilación auricular,Enfermedades cardiovasculares,"['infección', 'eczema', 'cáncer', 'alergia', 'ataque al corazón', 'asma']","['problemas para dormir', 'dolor torácico', 'pérdida de apetito', 'dolor abdominal', 'hinchazón', 'pérdida de memoria']"
D0004,Fibrilación ventricular,Enfermedades cardiovasculares,"['artritis', 'asma', 'depresión', 'eczema', 'alergia', 'hipotiroidismo']","['vómitos', 'mareos', 'pérdida de memoria', 'dolor de cabeza', 'hinchazón', 'visión borrosa']"
D0005,Bradicardia sinusal,Enfermedades cardiovasculares,"['asma', 'artritis', 'dolor', 'depresión', 'epilepsia', 'inflamación']","['fiebre', 'tos', 'mareos', 'pérdida de peso', 'visión borrosa', 'náuseas']"
D0006,Síndrome de QT largo,Enfermedades cardiovasculares,"['inflamación', 'infección', 'hipotiroidismo', 'dolor', 'azúcar en sangre', 'depresión']","['dolor abdominal', 'mareos', 'sangrado', 'visión borrosa', 'confusión', 'dolor de cabeza']"
D0007,Síndrome de Brugada,Enfermedades cardiovasculares,"['dolor', 'hipotiroidismo', 'colesterol', 'alergia', 'ataque al corazón', 'eczema']","['fiebre', 'hinchazón', 'pérdida de apetito', 'vómitos', 'dolor torácico', 'mareos']"
D0008,Insuficiencia cardíaca congestiva,Enfermedades cardiovasculares,"['eczema', 'epilepsia', 'artritis', 'problema cardíaco', 'asma', 'presión alta']","['dificultad para respirar', 'confusión', 'dolor de cabeza', 'fatiga', 'pérdida de apetito', 'fiebre']"
D0009,Cardiomiopatía dilatada,Enfermedades cardiovasculares,"['dolor', 'depresión', 'epilepsia', 'alergia', 'problema cardíaco', 'ansiedad']","['visión borrosa', 'pérdida de memoria', 'dificultad para respirar', 'dolor abdominal', 'hinchazón', 'mareos']"
D0010,Cardiomiopatía hipertrófica,Enfermedades cardiovasculares,"['colesterol', 'eczema', 'presión alta', 'infección', 'ataque al corazón', 'azúcar en sangre']","['dolor de cabeza', 'hinchazón', 'dolor abdominal', 'náuseas', 'pérdida de memoria', 'problemas para dormir']"
D0011,Enfermedad coronaria,Enfermedades cardiovasculares,"['inflamación', 'colesterol', 'problema cardíaco', 'azúcar en sangre', 'alergia', 'artritis']","['sangrado', 'mareos', 'tos', 'fiebre', 'problemas para dormir', 'dolor abdominal']"
D0012,Infarto agudo de miocardio anterior,Enfermedades cardiovasculares,"['epilepsia', 'colesterol', 'problema digestivo', 'dolor', 'problema cardíaco', 'alergia']","['pérdida de memoria', 'fatiga', 'diarrea', 'dolor torácico', 'dolor abdominal', 'dolor de cabeza']"
D0013,Infarto agudo de miocardio inferior,Enfermedades cardiovasculares,"['depresión', 'presión alta', 'ansiedad', 'problema digestivo', 'alergia', 'infección']","['pérdida de apetito', 'dolor abdominal', 'dolor torácico', 'tos', 'fatiga', 'sangrado']"
D0014,Hipertensión sistémica,Enfermedades cardiovasculares,"['diabetes', 'eczema', 'azúcar en sangre', 'asma', 'ansiedad', 'ataque al corazón']","['dificultad para respirar', 'vómitos', 'hinchazón', 'dolor torácico', 'dolor abdominal', 'dolor de cabeza']"
D0015,Hipertensión pulmonar,Enfermedades cardiovasculares,"['inflamación', 'ictus', 'cáncer', 'problema cardíaco', 'problema digestivo', 'dolor']","['problemas para dormir', 'náuseas', 'dolor abdominal', 'fatiga', 'pérdida de memoria', 'hinchazón']"
D0016,Angina estable,Enfermedades cardiovasculares,"['cáncer', 'presión alta', 'eczema', 'infección', 'ictus', 'epilepsia']","['dificultad para respirar', 'hinchazón', 'pérdida de peso', 'pérdida de memoria', 'fiebre', 'confusión']"
D0017,Angina inestable,Enfermedades cardiovasculares,"['ansiedad', 'colesterol', 'alergia', 'inflamación', 'asma', 'cáncer']","['vómitos', 'fiebre', 'problemas para dormir', 'tos', 'dificultad para respirar', 'diarrea']"
D0018,Prolapso de válvula mitral,Enfermedades cardiovasculares,"['depresión', 'artritis', 'eczema', 'infección', 'alergia', 'presión alta']","['pérdida de apetito', 'dolor torácico', 'pérdida de memoria', 'hinchazón', 'dificultad para respirar', 'tos']"
D0019,Estenosis aórtica,Enfermedades cardiovasculares,"['ansiedad', 'problema digestivo', 'depresión', 'ictus', 'eczema', 'artritis']","['fiebre', 'hinchazón', 'fatiga', 'dolor de cabeza', 'pérdida de peso', 'diarrea']"
D0020,Insuficiencia mitral,Enfermedades cardiovasculares,"['diabetes', 'colesterol', 'asma', 'alergia', 'artritis', 'azúcar en sangre']","['dolor de cabeza', 'confusión', 'dolor abdominal', 'pérdida de memoria', 'mareos', 'dolor torácico']"
D0021,Diabetes mellitus tipo 1,Enfermedades endocrinas,"['inflamación', 'problema digestivo', 'artritis', 'dolor', 'alergia', 'epilepsia']","['pérdida de memoria', 'pérdida de peso', 'tos', 'mareos', 'fatiga', 'problemas para dormir']"
D0022,Diabetes mellitus tipo 2,Enfermedades endocrinas,"['colesterol', 'infección', 'presión alta', 'azúcar en sangre', 'problema digestivo', 'problema cardíaco']","['hinchazón', 'pérdida de apetito', 'dolor torácico', 'pérdida de memoria', 'problemas para dormir', 'fatiga']"
D0023,Diabetes gestacional,Enfermedades endocrinas,"['artritis', 'problema cardíaco', 'eczema', 'diabetes', 'alergia', 'dolor']","['dolor torácico', 'pérdida de memoria', 'pérdida de peso', 'fatiga', 'pérdida de apetito', 'fiebre']"
D0024,Hipotiroidismo congénito,Enfermedades endocrinas,"['ataque al corazón', 'diabetes', 'inflamación', 'epilepsia', 'eczema', 'ansiedad']","['diarrea', 'náuseas', 'problemas para dormir', 'pérdida de peso', 'dificultad para respirar', 'fiebre']"
D0025,Hipotiroidismo autoinmune,Enfermedades endocrinas,"['artritis', 'alergia', 'cáncer', 'inflamación', 'ictus', 'infección']","['mareos', 'fatiga', 'dolor abdominal', 'pérdida de peso', 'tos', 'dificultad para respirar']"
D0026,Hipertiroidismo por enfermedad de Graves,Enfermedades endocrinas,"['cáncer', 'infección', 'dolor', 'presión alta', 'ictus', 'epilepsia']","['pérdida de apetito', 'dolor torácico', 'confusión', 'dolor de cabeza', 'sangrado', 'vómitos']"
D0027,Síndrome de Cushing,Enfermedades endocrinas,"['asma', 'ansiedad', 'problema digestivo', 'ictus', 'ataque al corazón', 'inflamación']","['dificultad para respirar', 'fiebre', 'sangrado', 'pérdida de apetito', 'mareos', 'pérdida de peso']"
D0028,Enfermedad de Addison,Enfermedades endocrinas,"['depresión', 'problema digestivo', 'problema cardíaco', 'hipotiroidismo', 'colesterol', 'inflamación']","['tos', 'pérdida de apetito', 'mareos', 'náuseas', 'pérdida de peso', 'fiebre']"
D0029,Acromegalia,Enfermedades endocrinas,"['inflamación', 'ictus', 'colesterol', 'dolor', 'ansiedad', 'diabetes']","['dolor abdominal', 'tos', 'náuseas', 'pérdida de peso', 'fiebre', 'problemas para dormir']"
D0030,Hiperparatiroidismo primario,Enfermedades endocrinas,"['infección', 'alergia', 'epilepsia', 'hipotiroidismo', 'asma', 'ataque al corazón']","['náuseas', 'problemas para dormir', 'dolor torácico', 'hinchazón', 'pérdida de peso', 'pérdida de apetito']"
D0031,Resistencia a la insulina,Enfermedades endocrinas,"['presión alta', 'diabetes', 'problema digestivo', 'ansiedad', 'alergia', 'ictus']","['hinchazón', 'náuseas', 'tos', 'dolor abdominal', 'vómitos', 'confusión']"
D0032,Síndrome metabólico,Enfermedades endocrinas,"['infección', 'inflamación', 'problema cardíaco', 'artritis', 'eczema', 'cáncer']","['visión borrosa', 'mareos', 'diarrea', 'náuseas', 'dolor abdominal', 'vómitos']"
D0033,Hiperlipidemia familiar,Enfermedades endocrinas,"['hipotiroidismo', 'alergia', 'problema digestivo', 'diabetes', 'presión alta', 'cáncer']","['tos', 'vómitos', 'dolor de cabeza', 'dificultad para respirar', 'dolor abdominal', 'pérdida de peso']"
D0034,Hipercolesterolemia,Enfermedades endocrinas,"['ataque al corazón', 'ictus', 'infección', 'dolor', 'presión alta', 'eczema']","['hinchazón', 'diarrea', 'sangrado', 'dolor de cabeza', 'confusión', 'pérdida de peso']"
D0035,Hipoglucemia funcional,Enfermedades endocrinas,"['depresión', 'hipotiroidismo', 'problema cardíaco', 'ictus', 'colesterol', 'inflamación']","['vómitos', 'fatiga', 'dolor abdominal', 'pérdida de apetito', 'tos', 'confusión']"
D0036,Diabetes mellitus tipo 1,Enfermedades endocrinas,"['asma', 'epilepsia', 'hipotiroidismo', 'azúcar en sangre', 'ictus', 'cáncer']","['dolor de cabeza', 'problemas para dormir', 'dolor abdominal', 'vómitos', 'dificultad para respirar', 'mareos']"
D0037,Diabetes mellitus tipo 2,Enfermedades endocrinas,"['ansiedad', 'cáncer', 'depresión', 'dolor', 'diabetes', 'problema cardíaco']","['confusión', 'diarrea', 'dolor de cabeza', 'fiebre', 'mareos', 'problemas para dormir']"
D0038,Diabetes gestacional,Enfermedades endocrinas,"['azúcar en sangre', 'depresión', 'ictus', 'inflamación', 'artritis', 'diabetes']","['visión borrosa', 'pérdida de apetito', 'problemas para dormir', 'dolor torácico', 'tos', 'sangrado']"
D0039,Hipotiroidismo congénito,Enfermedades endocrinas,"['artritis', 'cáncer', 'asma', 'colesterol', 'azúcar en sangre', 'hipotiroidismo']","['dificultad para respirar', 'confusión', 'sangrado', 'problemas para dormir', 'pérdida de apetito', 'visión borrosa']"
D0040,Hipotiroidismo autoinmune,Enfermedades endocrinas,"['hipotiroidismo', 'presión alta', 'depresión', 'infección', 'colesterol', 'problema digestivo']","['vómitos', 'dificultad para respirar', 'tos', 'fiebre', 'confusión', 'diarrea']"
D0041,Hipertiroidismo por enfermedad de Graves,Enfermedades endocrinas,"['problema digestivo', 'infección', 'diabetes', 'presión alta', 'inflamación', 'azúcar en sangre']","['vómitos', 'dificultad para respirar', 'visión borrosa', 'tos', 'dolor abdominal', 'problemas para dormir']"
D0042,Síndrome de Cushing,Enfermedades endocrinas,"['hipotiroidismo', 'cáncer', 'infección', 'ataque al corazón', 'azúcar en sangre', 'problema cardíaco']","['pérdida de memoria', 'tos', 'fiebre', 'dolor de cabeza', 'pérdida de peso', 'problemas para dormir']"
D0043,Enfermedad de Addison,Enfermedades endocrinas,"['dolor', 'presión alta', 'hipotiroidismo', 'ictus', 'eczema', 'colesterol']","['pérdida de memoria', 'problemas para dormir', 'dolor torácico', 'sangrado', 'náuseas', 'dolor de cabeza']"
D0044,Acromegalia,Enfermedades endocrinas,"['colesterol', 'depresión', 'dolor', 'ansiedad', 'eczema', 'presión alta']","['confusión', 'dificultad para respirar', 'dolor torácico', 'náuseas', 'problemas para dormir', 'pérdida de apetito']"
D0045,Hiperparatiroidismo primario,Enfermedades endocrinas,"['problema digestivo', 'eczema', 'presión alta', 'artritis', 'azúcar en sangre', 'ictus']","['fiebre', 'vómitos', 'dolor de cabeza', 'fatiga', 'mareos', 'pérdida de peso']"
D0046,Resistencia a la insulina,Enfermedades endocrinas,"['cáncer', 'asma', 'diabetes', 'hipotiroidismo', 'ansiedad', 'problema digestivo']","['vómitos', 'dolor torácico', 'visión borrosa', 'pérdida de peso', 'dolor abdominal', 'mareos']"
D0047,Síndrome metabólico,Enfermedades endocrinas,"['hipotiroidismo', 'epilepsia', 'inflamación', 'infección', 'asma', 'presión alta']","['vómitos', 'sangrado', 'dolor abdominal', 'diarrea', 'dolor torácico', 'pérdida de apetito']"
D0048,Hiperlipidemia familiar,Enfermedades endocrinas,"['presión alta', 'azúcar en sangre', 'depresión', 'artritis', 'colesterol', 'hipotiroidismo']","['diarrea', 'dolor abdominal', 'náuseas', 'sangrado', 'confusión', 'vómitos']"
D0049,Hipercolesterolemia,Enfermedades endocrinas,"['azúcar en sangre', 'dolor', 'ansiedad', 'asma', 'problema digestivo', 'epilepsia']","['diarrea', 'dolor torácico', 'hinchazón', 'visión borrosa', 'sangrado', 'pérdida de apetito']"
D0050,Hipoglucemia funcional,Enfermedades endocrinas,"['problema digestivo', 'asma', 'problema cardíaco', 'dolor', 'depresión', 'diabetes']","['hinchazón', 'diarrea', 'tos', 'fiebre', 'visión borrosa', 'pérdida de apetito']"
D0051,Diabetes mellitus tipo 1,Enfermedades endocrinas,"['hipotiroidismo', 'asma', 'depresión', 'dolor', 'epilepsia', 'artritis']","['dolor torácico', 'dificultad para respirar', 'fiebre', 'vómitos', 'confusión', 'fatiga']"
D0052,Diabetes mellitus tipo 2,Enfermedades endocrinas,"['ictus', 'infección', 'artritis', 'problema digestivo', 'colesterol', 'diabetes']","['dolor torácico', 'dolor de cabeza', 'visión borrosa', 'confusión', 'sangrado', 'problemas para dormir']"
D0053,Diabetes gestacional,Enfermedades endocrinas,"['artritis', 'dolor', 'infección', 'eczema', 'diabetes', 'ictus']","['pérdida de memoria', 'dificultad para respirar', 'fatiga', 'dolor torácico', 'vómitos', 'visión borrosa']"
D0054,Hipotiroidismo congénito,Enfermedades endocrinas,"['ansiedad', 'alergia', 'diabetes', 'problema cardíaco', 'hipotiroidismo', 'infección']","['dolor torácico', 'vómitos', 'tos', 'diarrea', 'fatiga', 'sangrado']"
D0055,Hipotiroidismo autoinmune,Enfermedades endocrinas,"['epilepsia', 'hipotiroidismo', 'presión alta', 'eczema', 'asma', 'cáncer']","['dificultad para respirar', 'fiebre', 'visión borrosa', 'pérdida de memoria', 'sangrado', 'hinchazón']"
D0056,Hipertiroidismo por enfermedad de Graves,Enfermedades endocrinas,"['azúcar en sangre', 'presión alta', 'depresión', 'asma', 'eczema', 'alergia']","['tos', 'hinchazón', 'visión borrosa', 'sangrado', 'fiebre', 'mareos']"
D0057,Síndrome de Cushing,Enfermedades endocrinas,"['problema cardíaco', 'problema digestivo', 'depresión', 'dolor', 'epilepsia', 'colesterol']","['fiebre', 'sangrado', 'pérdida de apetito', 'dolor torácico', 'fatiga', 'diarrea']"
D0058,Enfermedad de Addison,Enfermedades endocrinas,"['alergia', 'colesterol', 'asma', 'infección', 'azúcar en sangre', 'ataque al corazón']","['sangrado', 'tos', 'pérdida de peso', 'fatiga', 'dificultad para respirar', 'dolor abdominal']"
D0059,Acromegalia,Enfermedades endocrinas,"['alergia', 'ansiedad', 'asma', 'epilepsia', 'cáncer', 'diabetes']","['pérdida de memoria', 'sangrado', 'pérdida de peso', 'problemas para dormir', 'fiebre', 'hinchazón']"
D0060,Hiperparatiroidismo primario,Enfermedades endocrinas,"['infección', 'ictus', 'diabetes', 'artritis', 'eczema', 'azúcar en sangre']","['pérdida de apetito', 'visión borrosa', 'tos', 'confusión', 'sangrado', 'fatiga']"
D0061,Resistencia a la insulina,Enfermedades endocrinas,"['hipotiroidismo', 'colesterol', 'eczema', 'ansiedad', 'infección', 'problema digestivo']","['dolor torácico', 'fiebre', 'fatiga', 'tos', 'vómitos', 'problemas para dormir']"
D0062,Síndrome metabólico,Enfermedades endocrinas,"['depresión', 'problema cardíaco', 'ansiedad', 'inflamación', 'epilepsia', 'hipotiroidismo']","['vómitos', 'fatiga', 'dolor de cabeza', 'pérdida de memoria', 'fiebre', 'dolor torácico']"
D0063,Hiperlipidemia familiar,Enfermedades endocrinas,"['colesterol', 'diabetes', 'ataque al corazón', 'alergia', 'dolor', 'problema cardíaco']","['mareos', 'tos', 'dificultad para respirar', 'dolor torácico', 'hinchazón', 'fiebre']"
D0064,Hipercolesterolemia,Enfermedades endocrinas,"['depresión', 'ansiedad', 'alergia', 'eczema', 'problema cardíaco', 'hipotiroidismo']","['diarrea', 'sangrado', 'dificultad para respirar', 'pérdida de memoria', 'náuseas', 'visión borrosa']"
D0065,Hipoglucemia funcional,Enfermedades endocrinas,"['hipotiroidismo', 'ictus', 'problema cardíaco', 'ataque al corazón', 'alergia', 'asma']","['dolor torácico', 'visión borrosa', 'mareos', 'diarrea', 'confusión', 'pérdida de memoria']"
D0066,Diabetes mellitus tipo 1,Enfermedades endocrinas,"['ataque al corazón', 'problema digestivo', 'infección', 'inflamación', 'dolor', 'presión alta']","['confusión', 'dolor torácico', 'pérdida de memoria', 'visión borrosa', 'sangrado', 'fiebre']"
D0067,Diabetes mellitus tipo 2,Enfermedades endocrinas,"['azúcar en sangre', 'ataque al corazón', 'dolor', 'depresión', 'problema cardíaco', 'colesterol']","['fatiga', 'pérdida de apetito', 'confusión', 'dificultad para respirar', 'dolor de cabeza', 'diarrea']"
D0068,Diabetes gestacional,Enfermedades endocrinas,"['artritis', 'colesterol', 'dolor', 'infección', 'azúcar en sangre', 'hipotiroidismo']","['dolor abdominal', 'pérdida de apetito', 'mareos', 'fiebre', 'pérdida de peso', 'náuseas']"
D0069,Hipotiroidismo congénito,Enfermedades endocrinas,"['ictus', 'problema cardíaco', 'cáncer', 'colesterol', 'alergia', 'artritis']","['fiebre', 'dolor abdominal', 'pérdida de apetito', 'mareos', 'dolor de cabeza', 'fatiga']"
D0070,Hipotiroidismo autoinmune,Enfermedades endocrinas,"['azúcar en sangre', 'depresión', 'ansiedad', 'dolor', 'colesterol', 'ataque al corazón']","['sangrado', 'fiebre', 'pérdida de memoria', 'dolor abdominal', 'tos', 'vómitos']"
D0071,Asma alérgica,Enfermedades respiratorias,"['problema cardíaco', 'azúcar en sangre', 'hipotiroidismo', 'ansiedad', 'depresión', 'asma']","['sangrado', 'hinchazón', 'dolor torácico', 'fatiga', 'dificultad para respirar', 'diarrea']"
D0072,Asma inducida por ejercicio,Enfermedades respiratorias,"['inflamación', 'hipotiroidismo', 'ictus', 'azúcar en sangre', 'colesterol', 'presión alta']","['dificultad para respirar', 'dolor torácico', 'problemas para dormir', 'diarrea', 'vómitos', 'visión borrosa']"
D0073,EPOC tipo enfisema,Enfermedades respiratorias,"['epilepsia', 'ataque al corazón', 'asma', 'hipotiroidismo', 'ictus', 'problema cardíaco']","['visión borrosa', 'dolor torácico', 'sangrado', 'vómitos', 'dificultad para respirar', 'náuseas']"
D0074,EPOC tipo bronquitis crónica,Enfermedades respiratorias,"['colesterol', 'diabetes', 'presión alta', 'dolor', 'eczema', 'azúcar en sangre']","['fatiga', 'vómitos', 'tos', 'sangrado', 'hinchazón', 'visión borrosa']"
D0075,Neumonía bacteriana,Enfermedades respiratorias,"['cáncer', 'colesterol', 'dolor', 'artritis', 'diabetes', 'depresión']","['fiebre', 'pérdida de memoria', 'visión borrosa', 'pérdida de peso', 'dolor abdominal', 'dolor torácico']"
D0076,Neumonía viral,Enfermedades respiratorias,"['diabetes', 'problema cardíaco', 'hipotiroidismo', 'artritis', 'asma', 'inflamación']","['náuseas', 'tos', 'sangrado', 'hinchazón', 'mareos', 'pérdida de apetito']"
D0077,Faringitis estreptocócica,Enfermedades respiratorias,"['ictus', 'artritis', 'dolor', 'eczema', 'azúcar en sangre', 'cáncer']","['náuseas', 'diarrea', 'confusión', 'dolor abdominal', 'tos', 'dificultad para respirar']"
D0078,Amigdalitis aguda,Enfermedades respiratorias,"['azúcar en sangre', 'eczema', 'ansiedad', 'artritis', 'hipotiroidismo', 'depresión']","['dificultad para respirar', 'hinchazón', 'sangrado', 'náuseas', 'tos', 'dolor de cabeza']"
D0079,Laringotraqueobronquitis,Enfermedades respiratorias,"['colesterol', 'artritis', 'presión alta', 'ictus', 'depresión', 'ansiedad']","['dificultad para respirar', 'visión borrosa', 'pérdida de apetito', 'náuseas', 'fatiga', 'fiebre']"
D0080,Tuberculosis pulmonar,Enfermedades respiratorias,"['dolor', 'problema digestivo', 'artritis', 'colesterol', 'hipotiroidismo', 'presión alta']","['visión borrosa', 'pérdida de memoria', 'dificultad para respirar', 'hinchazón', 'problemas para dormir', 'fiebre']"
D0081,Fibrosis pulmonar idiopática,Enfermedades respiratorias,"['inflamación', 'ictus', 'infección', 'asma', 'colesterol', 'artritis']","['sangrado', 'diarrea', 'dolor de cabeza', 'mareos', 'problemas para dormir', 'tos']"
D0082,Embolia pulmonar,Enfermedades respiratorias,"['inflamación', 'hipotiroidismo', 'diabetes', 'infección', 'artritis', 'problema digestivo']","['confusión', 'vómitos', 'pérdida de peso', 'náuseas', 'dolor abdominal', 'problemas para dormir']"
D0083,Bronquiectasias,Enfermedades respiratorias,"['eczema', 'alergia', 'diabetes', 'problema cardíaco', 'ansiedad', 'presión alta']","['visión borrosa', 'confusión', 'dolor de cabeza', 'pérdida de memoria', 'diarrea', 'dolor torácico']"
D0084,Rinitis alérgica persistente,Enfermedades respiratorias,"['depresión', 'cáncer', 'diabetes', 'presión alta', 'asma', 'ansiedad']","['tos', 'fatiga', 'hinchazón', 'visión borrosa', 'vómitos', 'pérdida de memoria']"
D0085,Apnea del sueño,Enfermedades respiratorias,"['depresión', 'eczema', 'diabetes', 'alergia', 'presión alta', 'problema digestivo']","['pérdida de apetito', 'diarrea', 'dolor abdominal', 'dolor torácico', 'náuseas', 'dificultad para respirar']"
D0086,Asma alérgica,Enfermedades respiratorias,"['ansiedad', 'ictus', 'problema cardíaco', 'colesterol', 'artritis', 'ataque al corazón']","['vómitos', 'pérdida de apetito', 'mareos', 'diarrea', 'náuseas', 'fatiga']"
D0087,Asma inducida por ejercicio,Enfermedades respiratorias,"['eczema', 'hipotiroidismo', 'colesterol', 'artritis', 'alergia', 'inflamación']","['pérdida de apetito', 'dolor torácico', 'fatiga', 'mareos', 'pérdida de memoria', 'hinchazón']"
D0088,EPOC tipo enfisema,Enfermedades respiratorias,"['colesterol', 'depresión', 'diabetes', 'infección', 'epilepsia', 'artritis']","['tos', 'dolor de cabeza', 'fiebre', 'hinchazón', 'dolor abdominal', 'visión borrosa']"
D0089,EPOC tipo bronquitis crónica,Enfermedades respiratorias,"['depresión', 'eczema', 'inflamación', 'problema digestivo', 'ataque al corazón', 'ansiedad']","['pérdida de memoria', 'dolor torácico', 'fiebre', 'dificultad para respirar', 'problemas para dormir', 'fatiga']"
D0090,Neumonía bacteriana,Enfermedades respiratorias,"['ansiedad', 'colesterol', 'infección', 'depresión', 'epilepsia', 'inflamación']","['diarrea', 'pérdida de peso', 'náuseas', 'tos', 'vómitos', 'dolor abdominal']"
D0091,Neumonía viral,Enfermedades respiratorias,"['epilepsia', 'azúcar en sangre', 'alergia', 'ansiedad', 'ataque al corazón', 'artritis']","['dolor de cabeza', 'vómitos', 'náuseas', 'sangrado', 'dificultad para respirar', 'diarrea']"
D0092,Faringitis estreptocócica,Enfermedades respiratorias,"['diabetes', 'colesterol', 'ansiedad', 'cáncer', 'problema digestivo', 'inflamación']","['dolor de cabeza', 'náuseas', 'sangrado', 'pérdida de memoria', 'dolor abdominal', 'visión borrosa']"
D0093,Amigdalitis aguda,Enfermedades respiratorias,"['problema cardíaco', 'hipotiroidismo', 'cáncer', 'ataque al corazón', 'infección', 'presión alta']","['sangrado', 'vómitos', 'mareos', 'hinchazón', 'dolor abdominal', 'dolor torácico']"
D0094,Laringotraqueobronquitis,Enfermedades respiratorias,"['inflamación', 'ictus', 'artritis', 'presión alta', 'colesterol', 'depresión']","['vómitos', 'pérdida de memoria', 'diarrea', 'tos', 'mareos', 'pérdida de apetito']"
D0095,Tuberculosis pulmonar,Enfermedades respiratorias,"['inflamación', 'presión alta', 'epilepsia', 'azúcar en sangre', 'problema cardíaco', 'infección']","['visión borrosa', 'vómitos', 'diarrea', 'tos', 'pérdida de peso', 'confusión']"
D0096,Fibrosis pulmonar idiopática,Enfermedades respiratorias,"['eczema', 'azúcar en sangre', 'presión alta', 'asma', 'cáncer', 'diabetes']","['náuseas', 'fiebre', 'tos', 'pérdida de apetito', 'dolor torácico', 'mareos']"
D0097,Embolia pulmonar,Enfermedades respiratorias,"['cáncer', 'infección', 'eczema', 'azúcar en sangre', 'problema digestivo', 'epilepsia']","['sangrado', 'pérdida de memoria', 'dolor de cabeza', 'tos', 'hinchazón', 'vómitos']"
D0098,Bronquiectasias,Enfermedades respiratorias,"['asma', 'ansiedad', 'alergia', 'epilepsia', 'azúcar en sangre', 'inflamación']","['confusión', 'vómitos', 'pérdida de memoria', 'fiebre', 'dolor de cabeza', 'hinchazón']"
D0099,Rinitis alérgica persistente,Enfermedades respiratorias,"['presión alta', 'problema cardíaco', 'infección', 'azúcar en sangre', 'ictus', 'cáncer']","['hinchazón', 'tos', 'vómitos', 'confusión', 'pérdida de peso', 'sangrado']"
D0100,Apnea del sueño,Enfermedades respiratorias,"['artritis', 'azúcar en sangre', 'problema digestivo', 'ictus', 'problema cardíaco', 'colesterol']","['pérdida de memoria', 'pérdida de peso', 'dificultad para respirar', 'pérdida de apetito', 'confusión', 'hinchazón']"
D0101,Asma alérgica,Enfermedades respiratorias,"['diabetes', 'infección', 'ictus', 'epilepsia', 'cáncer', 'eczema']","['sangrado', 'visión borrosa', 'pérdida de memoria', 'dolor de cabeza', 'dificultad para respirar', 'dolor abdominal']"
D0102,Asma inducida por ejercicio,Enfermedades respiratorias,"['infección', 'problema cardíaco', 'colesterol', 'cáncer', 'asma', 'azúcar en sangre']","['vómitos', 'dolor abdominal', 'mareos', 'dolor de cabeza', 'fatiga', 'fiebre']"
D0103,EPOC tipo enfisema,Enfermedades respiratorias,"['epilepsia', 'ictus', 'depresión', 'alergia', 'cáncer', 'artritis']","['náuseas', 'confusión', 'mareos', 'pérdida de apetito', 'vómitos', 'fiebre']"
D0104,EPOC tipo bronquitis crónica,Enfermedades respiratorias,"['problema cardíaco', 'problema digestivo', 'cáncer', 'hipotiroidismo', 'ansiedad', 'colesterol']","['pérdida de peso', 'dolor abdominal', 'visión borrosa', 'vómitos', 'mareos', 'confusión']"
D0105,Neumonía bacteriana,Enfermedades respiratorias,"['presión alta', 'ictus', 'alergia', 'hipotiroidismo', 'inflamación', 'ansiedad']","['diarrea', 'dolor de cabeza', 'pérdida de apetito', 'hinchazón', 'mareos', 'problemas para dormir']"
D0106,Neumonía viral,Enfermedades respiratorias,"['ataque al corazón', 'alergia', 'presión alta', 'epilepsia', 'dolor', 'problema digestivo']","['confusión', 'dificultad para respirar', 'fatiga', 'vómitos', 'problemas para dormir', 'dolor torácico']"
D0107,Faringitis estreptocócica,Enfermedades respiratorias,"['diabetes', 'colesterol', 'problema cardíaco', 'depresión', 'ansiedad', 'eczema']","['dificultad para respirar', 'mareos', 'sangrado', 'vómitos', 'fiebre', 'visión borrosa']"
D0108,Amigdalitis aguda,Enfermedades respiratorias,"['infección', 'azúcar en sangre', 'artritis', 'alergia', 'diabetes', 'problema digestivo']","['pérdida de peso', 'vómitos', 'dolor abdominal', 'sangrado', 'mareos', 'tos']"
D0109,Laringotraqueobronquitis,Enfermedades respiratorias,"['presión alta', 'eczema', 'diabetes', 'ataque al corazón', 'inflamación', 'problema cardíaco']","['fatiga', 'náuseas', 'fiebre', 'pérdida de peso', 'tos', 'problemas para dormir']"
D0110,Tuberculosis pulmonar,Enfermedades respiratorias,"['ansiedad', 'problema cardíaco', 'inflamación', 'colesterol', 'dolor', 'artritis']","['dolor de cabeza', 'confusión', 'pérdida de peso', 'fiebre', 'mareos', 'hinchazón']"
D0111,Gastritis erosiva,Enfermedades digestivas,"['problema digestivo', 'ansiedad', 'artritis', 'alergia', 'azúcar en sangre', 'asma']","['confusión', 'pérdida de apetito', 'dificultad para respirar', 'mareos', 'visión borrosa', 'tos']"
D0112,Úlcera gástrica,Enfermedades digestivas,"['ataque al corazón', 'azúcar en sangre', 'infección', 'inflamación', 'presión alta', 'diabetes']","['dolor abdominal', 'dolor de cabeza', 'fatiga', 'diarrea', 'hinchazón', 'fiebre']"
D0113,Enfermedad celíaca,Enfermedades digestivas,"['ansiedad', 'hipotiroidismo', 'eczema', 'alergia', 'asma', 'inflamación']","['diarrea', 'fatiga', 'mareos', 'vómitos', 'sangrado', 'pérdida de peso']"
D0114,Síndrome de intestino irritable con diarrea,Enfermedades digestivas,"['dolor', 'presión alta', 'infección', 'eczema', 'ataque al corazón', 'diabetes']","['problemas para dormir', 'pérdida de peso', 'sangrado', 'confusión', 'dolor abdominal', 'náuseas']"
D0115,Síndrome de intestino irritable con estreñimiento,Enfermedades digestivas,"['eczema', 'dolor', 'alergia', 'colesterol', 'azúcar en sangre', 'problema digestivo']","['mareos', 'pérdida de memoria', 'hinchazón', 'dolor abdominal', 'vómitos', 'diarrea']"
D0116,Colitis ulcerosa leve,Enfermedades digestivas,"['problema digestivo', 'artritis', 'dolor', 'ataque al corazón', 'presión alta', 'eczema']","['visión borrosa', 'vómitos', 'diarrea', 'dolor torácico', 'dolor abdominal', 'sangrado']"
D0117,Colitis ulcerosa severa,Enfermedades digestivas,"['presión alta', 'alergia', 'ansiedad', 'infección', 'hipotiroidismo', 'diabetes']","['sangrado', 'problemas para dormir', 'pérdida de apetito', 'náuseas', 'hinchazón', 'dolor torácico']"
D0118,Enfermedad de Crohn,Enfermedades digestivas,"['eczema', 'dolor', 'problema cardíaco', 'depresión', 'hipotiroidismo', 'ansiedad']","['vómitos', 'problemas para dormir', 'dificultad para respirar', 'pérdida de memoria', 'sangrado', 'confusión']"
D0119,Reflujo gastroesofágico erosivo,Enfermedades digestivas,"['ansiedad', 'ictus', 'diabetes', 'inflamación', 'infección', 'problema digestivo']","['pérdida de apetito', 'fiebre', 'problemas para dormir', 'tos', 'mareos', 'dolor de cabeza']"
D0120,Hepatitis B crónica,Enfermedades digestivas,"['eczema', 'diabetes', 'alergia', 'colesterol', 'problema digestivo', 'artritis']","['dificultad para respirar', 'fiebre', 'pérdida de memoria', 'problemas para dormir', 'hinchazón', 'náuseas']"
D0121,Hepatitis C crónica,Enfermedades digestivas,"['ansiedad', 'diabetes', 'dolor', 'presión alta', 'azúcar en sangre', 'alergia']","['hinchazón', 'pérdida de apetito', 'dolor de cabeza', 'mareos', 'dolor abdominal', 'pérdida de memoria']"
D0122,Pancreatitis aguda,Enfermedades digestivas,"['problema digestivo', 'ansiedad', 'colesterol', 'depresión', 'eczema', 'artritis']","['confusión', 'pérdida de memoria', 'sangrado', 'hinchazón', 'fiebre', 'vómitos']"
D0123,Pancreatitis crónica,Enfermedades digestivas,"['diabetes', 'dolor', 'inflamación', 'hipotiroidismo', 'ictus', 'artritis']","['tos', 'confusión', 'visión borrosa', 'vómitos', 'dificultad para respirar', 'dolor torácico']"
D0124,Esteatosis hepática,Enfermedades digestivas,"['depresión', 'ataque al corazón', 'asma', 'problema digestivo', 'hipotiroidismo', 'alergia']","['pérdida de apetito', 'fiebre', 'dolor torácico', 'pérdida de memoria', 'diarrea', 'dificultad para respirar']"
D0125,Cálculos biliares,Enfermedades digestivas,"['diabetes', 'problema cardíaco', 'inflamación', 'infección', 'hipotiroidismo', 'ansiedad']","['problemas para dormir', 'náuseas', 'tos', 'dolor abdominal', 'vómitos', 'mareos']"
D0126,Gastritis erosiva,Enfermedades digestivas,"['azúcar en sangre', 'artritis', 'depresión', 'epilepsia', 'asma', 'inflamación']","['dolor abdominal', 'mareos', 'dolor de cabeza', 'dolor torácico', 'náuseas', 'sangrado']"
D0127,Úlcera gástrica,Enfermedades digestivas,"['colesterol', 'epilepsia', 'presión alta', 'problema digestivo', 'diabetes', 'azúcar en sangre']","['mareos', 'pérdida de peso', 'dificultad para respirar', 'náuseas', 'dolor de cabeza', 'confusión']"
D0128,Enfermedad celíaca,Enfermedades digestivas,"['cáncer', 'dolor', 'artritis', 'hipotiroidismo', 'problema digestivo', 'ataque al corazón']","['dolor abdominal', 'visión borrosa', 'dolor torácico', 'tos', 'mareos', 'diarrea']"
D0129,Síndrome de intestino irritable con diarrea,Enfermedades digestivas,"['ansiedad', 'asma', 'cáncer', 'diabetes', 'alergia', 'problema digestivo']","['dolor torácico', 'hinchazón', 'vómitos', 'fatiga', 'pérdida de memoria', 'pérdida de apetito']"
D0130,Síndrome de intestino irritable con estreñimiento,Enfermedades digestivas,"['cáncer', 'ansiedad', 'problema cardíaco', 'eczema', 'presión alta', 'problema digestivo']","['pérdida de peso', 'problemas para dormir', 'tos', 'fiebre', 'vómitos', 'confusión']"
D0131,Colitis ulcerosa leve,Enfermedades digestivas,"['colesterol', 'infección', 'alergia', 'eczema', 'asma', 'presión alta']","['dificultad para respirar', 'visión borrosa', 'sangrado', 'fatiga', 'náuseas', 'dolor de cabeza']"
D0132,Colitis ulcerosa severa,Enfermedades digestivas,"['dolor', 'presión alta', 'eczema', 'depresión', 'diabetes', 'inflamación']","['diarrea', 'fatiga', 'visión borrosa', 'pérdida de peso', 'hinchazón', 'sangrado']"
D0133,Enfermedad de Crohn,Enfermedades digestivas,"['cáncer', 'hipotiroidismo', 'dolor', 'inflamación', 'diabetes', 'colesterol']","['dolor de cabeza', 'fatiga', 'náuseas', 'vómitos', 'sangrado', 'visión borrosa']"
D0134,Reflujo gastroesofágico erosivo,Enfermedades digestivas,"['ansiedad', 'infección', 'problema digestivo', 'alergia', 'diabetes', 'ataque al corazón']","['fiebre', 'náuseas', 'hinchazón', 'mareos', 'pérdida de apetito', 'dolor abdominal']"
D0135,Hepatitis B crónica,Enfermedades digestivas,"['ictus', 'hipotiroidismo', 'artritis', 'problema digestivo', 'epilepsia', 'inflamación']","['visión borrosa', 'confusión', 'dolor abdominal', 'pérdida de peso', 'diarrea', 'pérdida de memoria']"
D0136,Hepatitis C crónica,Enfermedades digestivas,"['azúcar en sangre', 'alergia', 'depresión', 'asma', 'inflamación', 'diabetes']","['fiebre', 'diarrea', 'dolor abdominal', 'sangrado', 'problemas para dormir', 'pérdida de peso']"
D0137,Pancreatitis aguda,Enfermedades digestivas,"['colesterol', 'azúcar en sangre', 'infección', 'ictus', 'cáncer', 'inflamación']","['náuseas', 'confusión', 'dolor torácico', 'dolor abdominal', 'dificultad para respirar', 'vómitos']"
D0138,Pancreatitis crónica,Enfermedades digestivas,"['asma', 'ictus', 'epilepsia', 'cáncer', 'alergia', 'presión alta']","['diarrea', 'dolor de cabeza', 'dolor abdominal', 'dificultad para respirar', 'confusión', 'pérdida de apetito']"
D0139,Esteatosis hepática,Enfermedades digestivas,"['infección', 'presión alta', 'depresión', 'eczema', 'ansiedad', 'asma']","['dolor torácico', 'dificultad para respirar', 'tos', 'fiebre', 'pérdida de apetito', 'dolor abdominal']"
D0140,Cálculos biliares,Enfermedades digestivas,"['alergia', 'eczema', 'cáncer', 'dolor', 'epilepsia', 'problema cardíaco']","['tos', 'dolor de cabeza', 'problemas para dormir', 'pérdida de memoria', 'confusión', 'sangrado']"
D0141,Gastritis erosiva,Enfermedades digestivas,"['problema cardíaco', 'inflamación', 'cáncer', 'depresión', 'azúcar en sangre', 'dolor']","['visión borrosa', 'diarrea', 'vómitos', 'mareos', 'pérdida de apetito', 'dolor torácico']"
D0142,Úlcera gástrica,Enfermedades digestivas,"['artritis', 'problema digestivo', 'cáncer', 'infección', 'problema cardíaco', 'azúcar en sangre']","['fatiga', 'dificultad para respirar', 'diarrea', 'dolor de cabeza', 'náuseas', 'pérdida de peso']"
D0143,Enfermedad celíaca,Enfermedades digestivas,"['colesterol', 'ataque al corazón', 'dolor', 'alergia', 'presión alta', 'artritis']","['diarrea', 'fatiga', 'dolor torácico', 'sangrado', 'dolor de cabeza', 'pérdida de peso']"
D0144,Síndrome de intestino irritable con diarrea,Enfermedades digestivas,"['azúcar en sangre', 'dolor', 'asma', 'presión alta', 'ataque al corazón', 'artritis']","['diarrea', 'fatiga', 'pérdida de memoria', 'náuseas', 'mareos', 'dolor abdominal']"
D0145,Síndrome de intestino irritable con estreñimiento,Enfermedades digestivas,"['ansiedad', 'cáncer', 'eczema', 'problema digestivo', 'problema cardíaco', 'epilepsia']","['náuseas', 'problemas para dormir', 'pérdida de memoria', 'pérdida de apetito', 'dolor torácico', 'dolor de cabeza']"
D0146,Colitis ulcerosa leve,Enfermedades digestivas,"['alergia', 'infección', 'azúcar en sangre', 'problema digestivo', 'ataque al corazón', 'asma']","['vómitos', 'confusión', 'dolor de cabeza', 'fiebre', 'dolor abdominal', 'mareos']"
D0147,Colitis ulcerosa severa,Enfermedades digestivas,"['depresión', 'dolor', 'eczema', 'colesterol', 'ansiedad', 'hipotiroidismo']","['confusión', 'tos', 'sangrado', 'mareos', 'diarrea', 'dolor torácico']"
D0148,Enfermedad de Crohn,Enfermedades digestivas,"['asma', 'dolor', 'eczema', 'inflamación', 'cáncer', 'epilepsia']","['pérdida de peso', 'dolor de cabeza', 'dolor torácico', 'problemas para dormir', 'confusión', 'hinchazón']"
D0149,Reflujo gastroesofágico erosivo,Enfermedades digestivas,"['hipotiroidismo', 'azúcar en sangre', 'epilepsia', 'depresión', 'problema digestivo', 'infección']","['dolor de cabeza', 'fiebre', 'confusión', 'pérdida de peso', 'náuseas', 'pérdida de apetito']"
D0150,Hepatitis B crónica,Enfermedades digestivas,"['alergia', 'hipotiroidismo', 'artritis', 'problema digestivo', 'ataque al corazón', 'ictus']","['dolor torácico', 'dificultad para respirar', 'dolor abdominal', 'náuseas', 'pérdida de apetito', 'sangrado']"
D0151,Hepatitis C crónica,Enfermedades digestivas,"['ansiedad', 'alergia', 'ictus', 'infección', 'presión alta', 'eczema']","['dolor abdominal', 'vómitos', 'fiebre', 'fatiga', 'problemas para dormir', 'tos']"
D0152,Pancreatitis aguda,Enfermedades digestivas,"['dolor', 'azúcar en sangre', 'depresión', 'problema cardíaco', 'eczema', 'problema digestivo']","['sangrado', 'fatiga', 'dolor de cabeza', 'tos', 'visión borrosa', 'diarrea']"
D0153,Pancreatitis crónica,Enfermedades digestivas,"['problema digestivo', 'dolor', 'problema cardíaco', 'inflamación', 'ictus', 'artritis']","['pérdida de apetito', 'pérdida de memoria', 'pérdida de peso', 'vómitos', 'sangrado', 'tos']"
D0154,Esteatosis hepática,Enfermedades digestivas,"['azúcar en sangre', 'hipotiroidismo', 'ataque al corazón', 'epilepsia', 'colesterol', 'dolor']","['hinchazón', 'visión borrosa', 'pérdida de apetito', 'náuseas', 'fiebre', 'dolor abdominal']"
D0155,Cálculos biliares,Enfermedades digestivas,"['problema cardíaco', 'dolor', 'ansiedad', 'asma', 'colesterol', 'cáncer']","['visión borrosa', 'dolor abdominal', 'hinchazón', 'diarrea', 'náuseas', 'vómitos']"
D0156,Gastritis erosiva,Enfermedades digestivas,"['dolor', 'hipotiroidismo', 'colesterol', 'ataque al corazón', 'azúcar en sangre', 'artritis']","['dolor abdominal', 'sangrado', 'dificultad para respirar', 'náuseas', 'fatiga', 'visión borrosa']"
D0157,Úlcera gástrica,Enfermedades digestivas,"['ataque al corazón', 'depresión', 'inflamación', 'alergia', 'presión alta', 'colesterol']","['fatiga', 'pérdida de peso', 'visión borrosa', 'mareos', 'problemas para dormir', 'hinchazón']"
D0158,Enfermedad celíaca,Enfermedades digestivas,"['inflamación', 'epilepsia', 'ataque al corazón', 'colesterol', 'dolor', 'eczema']","['pérdida de apetito', 'dolor torácico', 'dolor abdominal', 'problemas para dormir', 'mareos', 'diarrea']"
D0159,Síndrome de intestino irritable con diarrea,Enfermedades digestivas,"['presión alta', 'infección', 'artritis', 'hipotiroidismo', 'inflamación', 'alergia']","['pérdida de peso', 'sangrado', 'dolor de cabeza', 'vómitos', 'mareos', 'fatiga']"
D0160,Síndrome de intestino irritable con estreñimiento,Enfermedades digestivas,"['presión alta', 'dolor', 'epilepsia', 'problema cardíaco', 'asma', 'infección']","['tos', 'pérdida de memoria', 'mareos', 'pérdida de apetito', 'hinchazón', 'sangrado']"
D0161,Colitis ulcerosa leve,Enfermedades digestivas,"['asma', 'epilepsia', 'eczema', 'colesterol', 'diabetes', 'inflamación']","['sangrado', 'visión borrosa', 'confusión', 'mareos', 'tos', 'dificultad para respirar']"
D0162,Colitis ulcerosa severa,Enfermedades digestivas,"['depresión', 'epilepsia', 'asma', 'eczema', 'presión alta', 'diabetes']","['náuseas', 'confusión', 'dolor torácico', 'dificultad para respirar', 'vómitos', 'problemas para dormir']"
D0163,Enfermedad de Crohn,Enfermedades digestivas,"['artritis', 'infección', 'hipotiroidismo', 'inflamación', 'presión alta', 'dolor']","['problemas para dormir', 'dolor torácico', 'dolor abdominal', 'visión borrosa', 'mareos', 'náuseas']"
D0164,Reflujo gastroesofágico erosivo,Enfermedades digestivas,"['depresión', 'ictus', 'infección', 'epilepsia', 'problema cardíaco', 'cáncer']","['hinchazón', 'fiebre', 'confusión', 'dolor abdominal', 'pérdida de memoria', 'náuseas']"
D0165,Hepatitis B crónica,Enfermedades digestivas,"['cáncer', 'hipotiroidismo', 'presión alta', 'alergia', 'eczema', 'ictus']","['visión borrosa', 'pérdida de peso', 'náuseas', 'problemas para dormir', 'fatiga', 'dificultad para respirar']"
D0166,Hepatitis C crónica,Enfermedades digestivas,"['infección', 'ataque al corazón', 'artritis', 'asma', 'hipotiroidismo', 'problema digestivo']","['diarrea', 'confusión', 'pérdida de peso', 'pérdida de apetito', 'dolor torácico', 'visión borrosa']"
D0167,Pancreatitis aguda,Enfermedades digestivas,"['cáncer', 'alergia', 'infección', 'ataque al corazón', 'eczema', 'depresión']","['hinchazón', 'vómitos', 'tos', 'dolor torácico', 'mareos', 'pérdida de memoria']"
D0168,Pancreatitis crónica,Enfermedades digestivas,"['depresión', 'diabetes', 'hipotiroidismo', 'azúcar en sangre', 'inflamación', 'problema digestivo']","['náuseas', 'fatiga', 'sangrado', 'dolor torácico', 'pérdida de apetito', 'fiebre']"
D0169,Esteatosis hepática,Enfermedades digestivas,"['epilepsia', 'dolor', 'presión alta', 'cáncer', 'alergia', 'depresión']","['pérdida de memoria', 'dolor abdominal', 'mareos', 'problemas para dormir', 'tos', 'pérdida de apetito']"
D0170,Cálculos biliares,Enfermedades digestivas,"['ansiedad', 'dolor', 'cáncer', 'azúcar en sangre', 'colesterol', 'artritis']","['diarrea', 'náuseas', 'pérdida de peso', 'visión borrosa', 'pérdida de memoria', 'pérdida de apetito']"
D0171,Epilepsia del lóbulo temporal,Enfermedades neurológicas,"['ataque al corazón', 'epilepsia', 'dolor', 'infección', 'azúcar en sangre', 'cáncer']","['hinchazón', 'tos', 'confusión', 'visión borrosa', 'náuseas', 'diarrea']"
D0172,Migraña con aura,Enfermedades neurológicas,"['epilepsia', 'colesterol', 'ansiedad', 'azúcar en sangre', 'artritis', 'problema cardíaco']","['dolor de cabeza', 'tos', 'fatiga', 'hinchazón', 'problemas para dormir', 'diarrea']"
D0173,Migraña sin aura,Enfermedades neurológicas,"['diabetes', 'infección', 'problema digestivo', 'dolor', 'colesterol', 'artritis']","['dolor de cabeza', 'náuseas', 'pérdida de peso', 'sangrado', 'visión borrosa', 'vómitos']"
D0174,Esclerosis múltiple remitente-recurrente,Enfermedades neurológicas,"['inflamación', 'cáncer', 'epilepsia', 'depresión', 'asma', 'ataque al corazón']","['dolor de cabeza', 'pérdida de peso', 'tos', 'problemas para dormir', 'vómitos', 'diarrea']"
D0175,Enfermedad de Parkinson temprana,Enfermedades neurológicas,"['ictus', 'azúcar en sangre', 'infección', 'cáncer', 'alergia', 'asma']","['dificultad para respirar', 'dolor abdominal', 'vómitos', 'hinchazón', 'sangrado', 'problemas para dormir']"
D0176,Accidente cerebrovascular isquémico,Enfermedades neurológicas,"['diabetes', 'epilepsia', 'hipotiroidismo', 'dolor', 'ansiedad', 'cáncer']","['pérdida de memoria', 'mareos', 'dolor abdominal', 'fiebre', 'dolor torácico', 'fatiga']"
D0177,Accidente cerebrovascular hemorrágico,Enfermedades neurológicas,"['dolor', 'ataque al corazón', 'problema digestivo', 'artritis', 'problema cardíaco', 'hipotiroidismo']","['pérdida de memoria', 'visión borrosa', 'fiebre', 'dificultad para respirar', 'vómitos', 'sangrado']"
D0178,Neuralgia del trigémino,Enfermedades neurológicas,"['azúcar en sangre', 'dolor', 'problema digestivo', 'infección', 'inflamación', 'artritis']","['dolor torácico', 'dolor de cabeza', 'dolor abdominal', 'vómitos', 'problemas para dormir', 'fatiga']"
D0179,Neuropatía periférica diabética,Enfermedades neurológicas,"['problema cardíaco', 'dolor', 'artritis', 'ataque al corazón', 'inflamación', 'hipotiroidismo']","['problemas para dormir', 'fatiga', 'pérdida de apetito', 'pérdida de peso', 'dolor abdominal', 'hinchazón']"
D0180,Síndrome de Guillain-Barré,Enfermedades neurológicas,"['ictus', 'azúcar en sangre', 'epilepsia', 'eczema', 'alergia', 'artritis']","['diarrea', 'visión borrosa', 'mareos', 'náuseas', 'dolor de cabeza', 'dolor torácico']"
D0181,Epilepsia del lóbulo temporal,Enfermedades neurológicas,"['inflamación', 'alergia', 'artritis', 'presión alta', 'problema cardíaco', 'colesterol']","['fiebre', 'pérdida de apetito', 'dolor de cabeza', 'diarrea', 'fatiga', 'confusión']"
D0182,Migraña con aura,Enfermedades neurológicas,"['inflamación', 'depresión', 'presión alta', 'ansiedad', 'colesterol', 'azúcar en sangre']","['dolor de cabeza', 'náuseas', 'fiebre', 'pérdida de apetito', 'diarrea', 'hinchazón']"
D0183,Migraña sin aura,Enfermedades neurológicas,"['problema digestivo', 'alergia', 'colesterol', 'inflamación', 'presión alta', 'dolor']","['hinchazón', 'pérdida de memoria', 'dolor abdominal', 'vómitos', 'visión borrosa', 'sangrado']"
D0184,Esclerosis múltiple remitente-recurrente,Enfermedades neurológicas,"['epilepsia', 'diabetes', 'depresión', 'colesterol', 'asma', 'ictus']","['dificultad para respirar', 'hinchazón', 'pérdida de apetito', 'dolor de cabeza', 'dolor abdominal', 'náuseas']"
D0185,Enfermedad de Parkinson temprana,Enfermedades neurológicas,"['epilepsia', 'ansiedad', 'problema cardíaco', 'alergia', 'hipotiroidismo', 'ataque al corazón']","['fatiga', 'fiebre', 'náuseas', 'dificultad para respirar', 'hinchazón', 'vómitos']"
D0186,Accidente cerebrovascular isquémico,Enfermedades neurológicas,"['presión alta', 'artritis', 'ataque al corazón', 'problema digestivo', 'cáncer', 'azúcar en sangre']","['dificultad para respirar', 'pérdida de peso', 'pérdida de apetito', 'tos', 'vómitos', 'fatiga']"
D0187,Accidente cerebrovascular hemorrágico,Enfermedades neurológicas,"['ictus', 'asma', 'alergia', 'infección', 'inflamación', 'problema digestivo']","['confusión', 'dolor de cabeza', 'dificultad para respirar', 'pérdida de apetito', 'pérdida de memoria', 'fiebre']"
D0188,Neuralgia del trigémino,Enfermedades neurológicas,"['problema cardíaco', 'ansiedad', 'inflamación', 'asma', 'problema digestivo', 'diabetes']","['pérdida de memoria', 'mareos', 'pérdida de peso', 'pérdida de apetito', 'dolor de cabeza', 'náuseas']"
D0189,Neuropatía periférica diabética,Enfermedades neurológicas,"['ansiedad', 'artritis', 'depresión', 'eczema', 'problema digestivo', 'dolor']","['pérdida de apetito', 'dificultad para respirar', 'fatiga', 'confusión', 'problemas para dormir', 'sangrado']"
D0190,Síndrome de Guillain-Barré,Enfermedades neurológicas,"['colesterol', 'artritis', 'inflamación', 'eczema', 'ictus', 'azúcar en sangre']","['dolor de cabeza', 'pérdida de peso', 'vómitos', 'dolor torácico', 'pérdida de apetito', 'dolor abdominal']"
D0191,Epilepsia del lóbulo temporal,Enfermedades neurológicas,"['azúcar en sangre', 'ataque al corazón', 'presión alta', 'depresión', 'epilepsia', 'problema digestivo']","['fiebre', 'confusión', 'fatiga', 'náuseas', 'pérdida de memoria', 'diarrea']"
D0192,Migraña con aura,Enfermedades neurológicas,"['depresión', 'eczema', 'dolor', 'infección', 'artritis', 'azúcar en sangre']","['diarrea', 'dolor torácico', 'dolor de cabeza', 'sangrado', 'fatiga', 'tos']"
D0193,Migraña sin aura,Enfermedades neurológicas,"['epilepsia', 'diabetes', 'alergia', 'ataque al corazón', 'dolor', 'inflamación']","['mareos', 'dificultad para respirar', 'confusión', 'dolor torácico', 'dolor abdominal', 'fiebre']"
D0194,Esclerosis múltiple remitente-recurrente,Enfermedades neurológicas,"['ataque al corazón', 'inflamación', 'alergia', 'problema cardíaco', 'diabetes', 'asma']","['fiebre', 'pérdida de apetito', 'dolor torácico', 'dolor de cabeza', 'tos', 'mareos']"
D0195,Enfermedad de Parkinson temprana,Enfermedades neurológicas,"['epilepsia', 'colesterol', 'ataque al corazón', 'presión alta', 'depresión', 'diabetes']","['náuseas', 'pérdida de peso', 'pérdida de memoria', 'diarrea', 'pérdida de apetito', 'dolor de cabeza']"
D0196,Accidente cerebrovascular isquémico,Enfermedades neurológicas,"['infección', 'dolor', 'asma', 'ataque al corazón', 'epilepsia', 'ansiedad']","['dolor abdominal', 'hinchazón', 'náuseas', 'tos', 'mareos', 'fatiga']"
D0197,Accidente cerebrovascular hemorrágico,Enfermedades neurológicas,"['cáncer', 'inflamación', 'hipotiroidismo', 'problema digestivo', 'ataque al corazón', 'artritis']","['pérdida de apetito', 'vómitos', 'dolor abdominal', 'hinchazón', 'visión borrosa', 'confusión']"
D0198,Neuralgia del trigémino,Enfermedades neurológicas,"['cáncer', 'inflamación', 'diabetes', 'dolor', 'presión alta', 'epilepsia']","['pérdida de apetito', 'fatiga', 'dolor de cabeza', 'dolor abdominal', 'pérdida de memoria', 'dificultad para respirar']"
D0199,Neuropatía periférica diabética,Enfermedades neurológicas,"['azúcar en sangre', 'dolor', 'inflamación', 'depresión', 'presión alta', 'problema cardíaco']","['sangrado', 'problemas para dormir', 'vómitos', 'dolor torácico', 'visión borrosa', 'pérdida de peso']"
D0200,Síndrome de Guillain-Barré,Enfermedades neurológicas,"['problema digestivo', 'dolor', 'infección', 'alergia', 'cáncer', 'ictus']","['mareos', 'dificultad para respirar', 'visión borrosa', 'tos', 'sangrado', 'dolor de cabeza']"
D0201,Epilepsia del lóbulo temporal,Enfermedades neurológicas,"['infección', 'problema cardíaco', 'asma', 'presión alta', 'azúcar en sangre', 'alergia']","['hinchazón', 'dificultad para respirar', 'dolor de cabeza', 'mareos', 'visión borrosa', 'vómitos']"
D0202,Migraña con aura,Enfermedades neurológicas,"['presión alta', 'ansiedad', 'inflamación', 'epilepsia', 'diabetes', 'depresión']","['dolor torácico', 'dolor abdominal', 'dolor de cabeza', 'sangrado', 'fiebre', 'problemas para dormir']"
D0203,Migraña sin aura,Enfermedades neurológicas,"['eczema', 'diabetes', 'depresión', 'ansiedad', 'dolor', 'azúcar en sangre']","['confusión', 'visión borrosa', 'hinchazón', 'pérdida de apetito', 'dolor torácico', 'dolor abdominal']"
D0204,Esclerosis múltiple remitente-recurrente,Enfermedades neurológicas,"['diabetes', 'colesterol', 'epilepsia', 'ataque al corazón', 'hipotiroidismo', 'depresión']","['pérdida de peso', 'dificultad para respirar', 'diarrea', 'vómitos', 'dolor torácico', 'pérdida de memoria']"
D0205,Enfermedad de Parkinson temprana,Enfermedades neurológicas,"['diabetes', 'epilepsia', 'azúcar en sangre', 'cáncer', 'inflamación', 'eczema']","['mareos', 'sangrado', 'vómitos', 'hinchazón', 'fatiga', 'confusión']"
D0206,Accidente cerebrovascular isquémico,Enfermedades neurológicas,"['dolor', 'problema digestivo', 'epilepsia', 'eczema', 'artritis', 'alergia']","['problemas para dormir', 'pérdida de memoria', 'dificultad para respirar', 'dolor torácico', 'confusión', 'hinchazón']"
D0207,Accidente cerebrovascular hemorrágico,Enfermedades neurológicas,"['asma', 'problema cardíaco', 'dolor', 'infección', 'artritis', 'problema digestivo']","['confusión', 'pérdida de memoria', 'náuseas', 'fiebre', 'dolor de cabeza', 'problemas para dormir']"
D0208,Neuralgia del trigémino,Enfermedades neurológicas,"['cáncer', 'problema cardíaco', 'depresión', 'dolor', 'ataque al corazón', 'azúcar en sangre']","['vómitos', 'hinchazón', 'sangrado', 'tos', 'diarrea', 'fatiga']"
D0209,Neuropatía periférica diabética,Enfermedades neurológicas,"['ataque al corazón', 'ictus', 'diabetes', 'ansiedad', 'inflamación', 'dolor']","['dolor de cabeza', 'pérdida de peso', 'visión borrosa', 'diarrea', 'mareos', 'fatiga']"
D0210,Síndrome de Guillain-Barré,Enfermedades neurológicas,"['hipotiroidismo', 'diabetes', 'problema digestivo', 'inflamación', 'asma', 'epilepsia']","['visión borrosa', 'pérdida de apetito', 'confusión', 'fiebre', 'hinchazón', 'dolor abdominal']"
D0211,Depresión mayor recurrente,Enfermedades mentales,"['alergia', 'diabetes', 'presión alta', 'colesterol', 'problema digestivo', 'artritis']","['pérdida de memoria', 'pérdida de peso', 'dificultad para respirar', 'pérdida de apetito', 'mareos', 'dolor abdominal']"
D0212,Trastorno de ansiedad generalizada,Enfermedades mentales,"['infección', 'inflamación', 'hipotiroidismo', 'cáncer', 'artritis', 'problema cardíaco']","['visión borrosa', 'fatiga', 'pérdida de apetito', 'dolor torácico', 'náuseas', 'pérdida de memoria']"
D0213,Trastorno obsesivo-compulsivo severo,Enfermedades mentales,"['diabetes', 'ictus', 'ataque al corazón', 'problema cardíaco', 'cáncer', 'presión alta']","['mareos', 'fatiga', 'tos', 'pérdida de peso', 'confusión', 'vómitos']"
D0214,Trastorno bipolar tipo I,Enfermedades mentales,"['ataque al corazón', 'ansiedad', 'infección', 'epilepsia', 'ictus', 'alergia']","['fatiga', 'hinchazón', 'pérdida de apetito', 'vómitos', 'dolor torácico', 'náuseas']"
D0215,Trastorno bipolar tipo II,Enfermedades mentales,"['alergia', 'infección', 'dolor', 'problema digestivo', 'azúcar en sangre', 'eczema']","['pérdida de peso', 'mareos', 'vómitos', 'dolor abdominal', 'dolor de cabeza', 'dolor torácico']"
D0216,Esquizofrenia paranoide,Enfermedades mentales,"['dolor', 'problema cardíaco', 'ictus', 'azúcar en sangre', 'hipotiroidismo', 'problema digestivo']","['visión borrosa', 'hinchazón', 'mareos', 'vómitos', 'problemas para dormir', 'fiebre']"
D0217,Fobia social,Enfermedades mentales,"['dolor', 'infección', 'ataque al corazón', 'asma', 'hipotiroidismo', 'inflamación']","['diarrea', 'hinchazón', 'vómitos', 'sangrado', 'náuseas', 'fatiga']"
D0218,Trastorno de pánico con agorafobia,Enfermedades mentales,"['inflamación', 'presión alta', 'cáncer', 'asma', 'azúcar en sangre', 'colesterol']","['vómitos', 'sangrado', 'fatiga', 'confusión', 'dificultad para respirar', 'hinchazón']"
D0219,Trastorno por déficit de atención con hiperactividad,Enfermedades mentales,"['diabetes', 'problema digestivo', 'problema cardíaco', 'ansiedad', 'colesterol', 'eczema']","['pérdida de apetito', 'dolor de cabeza', 'náuseas', 'pérdida de peso', 'tos', 'hinchazón']"
D0220,Trastorno de estrés postraumático,Enfermedades mentales,"['dolor', 'eczema', 'artritis', 'hipotiroidismo', 'ictus', 'azúcar en sangre']","['confusión', 'fiebre', 'dolor torácico', 'pérdida de apetito', 'náuseas', 'dificultad para respirar']"
D0221,Depresión mayor recurrente,Enfermedades mentales,"['depresión', 'ansiedad', 'asma', 'inflamación', 'artritis', 'diabetes']","['hinchazón', 'fatiga', 'sangrado', 'dificultad para respirar', 'pérdida de peso', 'diarrea']"
D0222,Trastorno de ansiedad generalizada,Enfermedades mentales,"['asma', 'hipotiroidismo', 'ictus', 'dolor', 'diabetes', 'inflamación']","['fiebre', 'fatiga', 'diarrea', 'pérdida de apetito', 'problemas para dormir', 'vómitos']"
D0223,Trastorno obsesivo-compulsivo severo,Enfermedades mentales,"['diabetes', 'asma', 'infección', 'ansiedad', 'problema digestivo', 'hipotiroidismo']","['dolor abdominal', 'pérdida de peso', 'tos', 'pérdida de apetito', 'pérdida de memoria', 'dificultad para respirar']"
D0224,Trastorno bipolar tipo I,Enfermedades mentales,"['infección', 'depresión', 'colesterol', 'presión alta', 'asma', 'inflamación']","['pérdida de apetito', 'dolor abdominal', 'visión borrosa', 'fatiga', 'fiebre', 'diarrea']"
D0225,Trastorno bipolar tipo II,Enfermedades mentales,"['dolor', 'presión alta', 'eczema', 'hipotiroidismo', 'ataque al corazón', 'asma']","['problemas para dormir', 'hinchazón', 'vómitos', 'diarrea', 'visión borrosa', 'dolor torácico']"
D0226,Esquizofrenia paranoide,Enfermedades mentales,"['hipotiroidismo', 'problema digestivo', 'ictus', 'presión alta', 'asma', 'azúcar en sangre']","['hinchazón', 'tos', 'dolor de cabeza', 'visión borrosa', 'fatiga', 'pérdida de peso']"
D0227,Fobia social,Enfermedades mentales,"['inflamación', 'azúcar en sangre', 'depresión', 'presión alta', 'ansiedad', 'dolor']","['dificultad para respirar', 'dolor torácico', 'fiebre', 'mareos', 'problemas para dormir', 'visión borrosa']"
D0228,Trastorno de pánico con agorafobia,Enfermedades mentales,"['presión alta', 'azúcar en sangre', 'eczema', 'inflamación', 'colesterol', 'epilepsia']","['fatiga', 'diarrea', 'pérdida de peso', 'dolor torácico', 'visión borrosa', 'pérdida de memoria']"
D0229,Trastorno por déficit de atención con hiperactividad,Enfermedades mentales,"['diabetes', 'dolor', 'asma', 'infección', 'azúcar en sangre', 'alergia']","['dificultad para respirar', 'problemas para dormir', 'fatiga', 'confusión', 'vómitos', 'fiebre']"
D0230,Trastorno de estrés postraumático,Enfermedades mentales,"['asma', 'inflamación', 'problema digestivo', 'presión alta', 'colesterol', 'dolor']","['náuseas', 'pérdida de memoria', 'fatiga', 'pérdida de apetito', 'problemas para dormir', 'visión borrosa']"
D0231,Depresión mayor recurrente,Enfermedades mentales,"['ataque al corazón', 'ansiedad', 'problema cardíaco', 'epilepsia', 'alergia', 'colesterol']","['mareos', 'visión borrosa', 'dolor abdominal', 'confusión', 'tos', 'dolor torácico']"
D0232,Trastorno de ansiedad generalizada,Enfermedades mentales,"['ictus', 'epilepsia', 'artritis', 'cáncer', 'diabetes', 'presión alta']","['tos', 'diarrea', 'pérdida de apetito', 'dolor torácico', 'sangrado', 'visión borrosa']"
D0233,Trastorno obsesivo-compulsivo severo,Enfermedades mentales,"['depresión', 'problema cardíaco', 'presión alta', 'ictus', 'diabetes', 'inflamación']","['fatiga', 'confusión', 'hinchazón', 'fiebre', 'pérdida de apetito', 'problemas para dormir']"
D0234,Trastorno bipolar tipo I,Enfermedades mentales,"['depresión', 'ataque al corazón', 'infección', 'dolor', 'ictus', 'problema cardíaco']","['confusión', 'dolor de cabeza', 'pérdida de peso', 'hinchazón', 'pérdida de apetito', 'visión borrosa']"
D0235,Trastorno bipolar tipo II,Enfermedades mentales,"['epilepsia', 'cáncer', 'colesterol', 'asma', 'alergia', 'inflamación']","['fatiga', 'mareos', 'dolor de cabeza', 'fiebre', 'problemas para dormir', 'dificultad para respirar']"
D0236,Esquizofrenia paranoide,Enfermedades mentales,"['problema cardíaco', 'infección', 'hipotiroidismo', 'depresión', 'problema digestivo', 'diabetes']","['diarrea', 'pérdida de peso', 'dolor abdominal', 'tos', 'fatiga', 'hinchazón']"
D0237,Fobia social,Enfermedades mentales,"['dolor', 'diabetes', 'ictus', 'eczema', 'epilepsia', 'azúcar en sangre']","['fiebre', 'tos', 'náuseas', 'pérdida de apetito', 'hinchazón', 'visión borrosa']"
D0238,Trastorno de pánico con agorafobia,Enfermedades mentales,"['eczema', 'alergia', 'depresión', 'diabetes', 'epilepsia', 'ataque al corazón']","['diarrea', 'mareos', 'náuseas', 'tos', 'fiebre', 'dolor abdominal']"
D0239,Trastorno por déficit de atención con hiperactividad,Enfermedades mentales,"['asma', 'presión alta', 'cáncer', 'ictus', 'alergia', 'colesterol']","['mareos', 'problemas para dormir', 'hinchazón', 'pérdida de memoria', 'visión borrosa', 'tos']"
D0240,Trastorno de estrés postraumático,Enfermedades mentales,"['epilepsia', 'ictus', 'hipotiroidismo', 'azúcar en sangre', 'problema digestivo', 'depresión']","['diarrea', 'dolor torácico', 'mareos', 'tos', 'náuseas', 'pérdida de apetito']"
D0241,Depresión mayor recurrente,Enfermedades mentales,"['asma', 'infección', 'alergia', 'dolor', 'hipotiroidismo', 'colesterol']","['problemas para dormir', 'sangrado', 'pérdida de memoria', 'náuseas', 'fatiga', 'vómitos']"
D0242,Trastorno de ansiedad generalizada,Enfermedades mentales,"['asma', 'alergia', 'dolor', 'presión alta', 'inflamación', 'diabetes']","['hinchazón', 'sangrado', 'fiebre', 'confusión', 'náuseas', 'pérdida de apetito']"
D0243,Trastorno obsesivo-compulsivo severo,Enfermedades mentales,"['ictus', 'epilepsia', 'diabetes', 'problema cardíaco', 'hipotiroidismo', 'inflamación']","['dolor abdominal', 'vómitos', 'dolor de cabeza', 'confusión', 'visión borrosa', 'pérdida de memoria']"
D0244,Trastorno bipolar tipo I,Enfermedades mentales,"['dolor', 'depresión', 'problema cardíaco', 'azúcar en sangre', 'alergia', 'presión alta']","['visión borrosa', 'hinchazón', 'dolor torácico', 'problemas para dormir', 'diarrea', 'pérdida de memoria']"
D0245,Trastorno bipolar tipo II,Enfermedades mentales,"['eczema', 'inflamación', 'hipotiroidismo', 'epilepsia', 'asma', 'dolor']","['dolor torácico', 'dolor de cabeza', 'pérdida de peso', 'hinchazón', 'vómitos', 'confusión']"
D0246,Esquizofrenia paranoide,Enfermedades mentales,"['artritis', 'inflamación', 'ansiedad', 'ictus', 'eczema', 'asma']","['dificultad para respirar', 'visión borrosa', 'náuseas', 'tos', 'vómitos', 'problemas para dormir']"
D0247,Fobia social,Enfermedades mentales,"['diabetes', 'presión alta', 'ictus', 'ansiedad', 'dolor', 'inflamación']","['problemas para dormir', 'tos', 'dolor abdominal', 'confusión', 'pérdida de peso', 'náuseas']"
D0248,Trastorno de pánico con agorafobia,Enfermedades mentales,"['infección', 'depresión', 'azúcar en sangre', 'hipotiroidismo', 'dolor', 'asma']","['mareos', 'náuseas', 'vómitos', 'pérdida de apetito', 'tos', 'confusión']"
D0249,Trastorno por déficit de atención con hiperactividad,Enfermedades mentales,"['ataque al corazón', 'dolor', 'epilepsia', 'cáncer', 'ansiedad', 'eczema']","['fatiga', 'dolor de cabeza', 'hinchazón', 'pérdida de peso', 'problemas para dormir', 'dolor torácico']"
D0250,Trastorno de estrés postraumático,Enfermedades mentales,"['colesterol', 'infección', 'problema digestivo', 'alergia', 'problema cardíaco', 'asma']","['fatiga', 'visión borrosa', 'dolor torácico', 'dificultad para respirar', 'dolor de cabeza', 'náuseas']"
D0251,Depresión mayor recurrente,Enfermedades mentales,"['depresión', 'infección', 'alergia', 'problema cardíaco', 'hipotiroidismo', 'eczema']","['dificultad para respirar', 'hinchazón', 'diarrea', 'sangrado', 'problemas para dormir', 'fiebre']"
D0252,Trastorno de ansiedad generalizada,Enfermedades mentales,"['presión alta', 'ictus', 'artritis', 'epilepsia', 'eczema', 'ataque al corazón']","['mareos', 'fiebre', 'vómitos', 'tos', 'náuseas', 'hinchazón']"
D0253,Trastorno obsesivo-compulsivo severo,Enfermedades mentales,"['colesterol', 'problema cardíaco', 'presión alta', 'inflamación', 'alergia', 'ictus']","['mareos', 'vómitos', 'sangrado', 'pérdida de memoria', 'fatiga', 'tos']"
D0254,Trastorno bipolar tipo I,Enfermedades mentales,"['ictus', 'ataque al corazón', 'inflamación', 'hipotiroidismo', 'epilepsia', 'dolor']","['dolor de cabeza', 'dificultad para respirar', 'fiebre', 'vómitos', 'pérdida de memoria', 'dolor torácico']"
D0255,Trastorno bipolar tipo II,Enfermedades mentales,"['hipotiroidismo', 'cáncer', 'alergia', 'presión alta', 'problema digestivo', 'azúcar en sangre']","['pérdida de memoria', 'dificultad para respirar', 'mareos', 'pérdida de peso', 'hinchazón', 'pérdida de apetito']"
D0256,Esquizofrenia paranoide,Enfermedades mentales,"['ataque al corazón', 'problema cardíaco', 'dolor', 'ansiedad', 'asma', 'azúcar en sangre']","['tos', 'vómitos', 'pérdida de apetito', 'visión borrosa', 'pérdida de peso', 'confusión']"
D0257,Fobia social,Enfermedades mentales,"['artritis', 'inflamación', 'depresión', 'asma', 'dolor', 'problema digestivo']","['dolor torácico', 'pérdida de peso', 'hinchazón', 'dolor de cabeza', 'dificultad para respirar', 'mareos']"
D0258,Trastorno de pánico con agorafobia,Enfermedades mentales,"['ictus', 'ansiedad', 'problema cardíaco', 'dolor', 'inflamación', 'problema digestivo']","['pérdida de apetito', 'pérdida de memoria', 'náuseas', 'diarrea', 'dolor abdominal', 'dolor de cabeza']"
D0259,Trastorno por déficit de atención con hiperactividad,Enfermedades mentales,"['epilepsia', 'artritis', 'alergia', 'cáncer', 'ansiedad', 'eczema']","['fatiga', 'dolor de cabeza', 'dolor abdominal', 'visión borrosa', 'confusión', 'dificultad para respirar']"
D0260,Trastorno de estrés postraumático,Enfermedades mentales,"['ataque al corazón', 'infección', 'inflamación', 'hipotiroidismo', 'ansiedad', 'alergia']","['problemas para dormir', 'hinchazón', 'pérdida de apetito', 'visión borrosa', 'pérdida de memoria', 'mareos']"
D0261,Depresión mayor recurrente,Enfermedades mentales,"['ansiedad', 'hipotiroidismo', 'depresión', 'inflamación', 'ataque al corazón', 'infección']","['dolor torácico', 'tos', 'dificultad para respirar', 'fatiga', 'visión borrosa', 'pérdida de memoria']"
D0262,Trastorno de ansiedad generalizada,Enfermedades mentales,"['ictus', 'problema digestivo', 'problema cardíaco', 'dolor', 'ataque al corazón', 'infección']","['pérdida de memoria', 'dolor de cabeza', 'náuseas', 'dolor torácico', 'pérdida de peso', 'visión borrosa']"
D0263,Trastorno obsesivo-compulsivo severo,Enfermedades mentales,"['inflamación', 'eczema', 'cáncer', 'epilepsia', 'problema digestivo', 'problema cardíaco']","['confusión', 'dolor de cabeza', 'pérdida de apetito', 'fatiga', 'diarrea', 'dolor torácico']"
D0264,Trastorno bipolar tipo I,Enfermedades mentales,"['presión alta', 'ansiedad', 'problema digestivo', 'azúcar en sangre', 'colesterol', 'inflamación']","['mareos', 'tos', 'vómitos', 'pérdida de peso', 'visión borrosa', 'problemas para dormir']"
D0265,Trastorno bipolar tipo II,Enfermedades mentales,"['colesterol', 'azúcar en sangre', 'inflamación', 'presión alta', 'depresión', 'alergia']","['pérdida de memoria', 'visión borrosa', 'confusión', 'dolor torácico', 'diarrea', 'problemas para dormir']"
D0266,Esquizofrenia paranoide,Enfermedades mentales,"['colesterol', 'problema cardíaco', 'problema digestivo', 'diabetes', 'infección', 'ataque al corazón']","['mareos', 'tos', 'dolor de cabeza', 'fiebre', 'hinchazón', 'problemas para dormir']"
D0267,Fobia social,Enfermedades mentales,"['alergia', 'asma', 'hipotiroidismo', 'eczema', 'ictus', 'colesterol']","['problemas para dormir', 'fiebre', 'dolor de cabeza', 'sangrado', 'fatiga', 'pérdida de apetito']"
D0268,Trastorno de pánico con agorafobia,Enfermedades mentales,"['epilepsia', 'azúcar en sangre', 'hipotiroidismo', 'colesterol', 'presión alta', 'ataque al corazón']","['vómitos', 'tos', 'sangrado', 'hinchazón', 'dolor torácico', 'problemas para dormir']"
D0269,Trastorno por déficit de atención con hiperactividad,Enfermedades mentales,"['ictus', 'depresión', 'eczema', 'colesterol', 'ataque al corazón', 'hipotiroidismo']","['pérdida de peso', 'pérdida de apetito', 'dolor abdominal', 'dolor de cabeza', 'hinchazón', 'dificultad para respirar']"
D0270,Trastorno de estrés postraumático,Enfermedades mentales,"['dolor', 'presión alta', 'diabetes', 'ataque al corazón', 'inflamación', 'depresión']","['dificultad para respirar', 'dolor torácico', 'fiebre', 'confusión', 'hinchazón', 'tos']"
D0271,Psoriasis vulgar,Enfermedades dermatológicas,"['cáncer', 'problema digestivo', 'depresión', 'diabetes', 'hipotiroidismo', 'dolor']","['pérdida de apetito', 'dificultad para respirar', 'sangrado', 'pérdida de peso', 'dolor abdominal', 'fatiga']"
D0272,Dermatitis atópica infantil,Enfermedades dermatológicas,"['colesterol', 'azúcar en sangre', 'dolor', 'diabetes', 'problema cardíaco', 'ataque al corazón']","['náuseas', 'visión borrosa', 'fatiga', 'hinchazón', 'dolor torácico', 'tos']"
D0273,Rosácea papulopustulosa,Enfermedades dermatológicas,"['cáncer', 'alergia', 'hipotiroidismo', 'ansiedad', 'diabetes', 'colesterol']","['dolor de cabeza', 'pérdida de peso', 'pérdida de apetito', 'confusión', 'visión borrosa', 'dificultad para respirar']"
D0274,Vitíligo segmentario,Enfermedades dermatológicas,"['colesterol', 'asma', 'diabetes', 'problema cardíaco', 'presión alta', 'dolor']","['dolor de cabeza', 'mareos', 'pérdida de peso', 'visión borrosa', 'dificultad para respirar', 'fatiga']"
D0275,Melanoma de extensión superficial,Enfermedades dermatológicas,"['ictus', 'presión alta', 'depresión', 'asma', 'problema digestivo', 'dolor']","['visión borrosa', 'fiebre', 'pérdida de peso', 'pérdida de memoria', 'sangrado', 'vómitos']"
D0276,Queratosis actínica,Enfermedades dermatológicas,"['alergia', 'asma', 'problema cardíaco', 'diabetes', 'epilepsia', 'problema digestivo']","['fatiga', 'tos', 'dolor abdominal', 'dolor de cabeza', 'dolor torácico', 'hinchazón']"
D0277,Acné inflamatorio severo,Enfermedades dermatológicas,"['eczema', 'hipotiroidismo', 'diabetes', 'problema digestivo', 'azúcar en sangre', 'ataque al corazón']","['confusión', 'dificultad para respirar', 'tos', 'dolor torácico', 'vómitos', 'pérdida de memoria']"
D0278,Eczema alérgico de contacto,Enfermedades dermatológicas,"['asma', 'infección', 'azúcar en sangre', 'ictus', 'presión alta', 'cáncer']","['sangrado', 'diarrea', 'mareos', 'pérdida de peso', 'problemas para dormir', 'confusión']"
D0279,Urticaria crónica,Enfermedades dermatológicas,"['inflamación', 'epilepsia', 'problema cardíaco', 'asma', 'alergia', 'presión alta']","['problemas para dormir', 'vómitos', 'pérdida de apetito', 'dificultad para respirar', 'dolor abdominal', 'dolor torácico']"
D0280,Lupus cutáneo discoide,Enfermedades dermatológicas,"['ictus', 'problema cardíaco', 'presión alta', 'colesterol', 'diabetes', 'eczema']","['sangrado', 'náuseas', 'pérdida de memoria', 'vómitos', 'dolor torácico', 'dolor abdominal']"
D0281,Psoriasis vulgar,Enfermedades dermatológicas,"['diabetes', 'asma', 'problema digestivo', 'epilepsia', 'artritis', 'ictus']","['dificultad para respirar', 'dolor abdominal', 'náuseas', 'vómitos', 'problemas para dormir', 'hinchazón']"
D0282,Dermatitis atópica infantil,Enfermedades dermatológicas,"['presión alta', 'depresión', 'colesterol', 'dolor', 'problema digestivo', 'eczema']","['visión borrosa', 'fatiga', 'diarrea', 'dificultad para respirar', 'pérdida de peso', 'mareos']"
D0283,Rosácea papulopustulosa,Enfermedades dermatológicas,"['epilepsia', 'ataque al corazón', 'ansiedad', 'presión alta', 'cáncer', 'depresión']","['sangrado', 'dolor torácico', 'náuseas', 'dolor de cabeza', 'confusión', 'dolor abdominal']"
D0284,Vitíligo segmentario,Enfermedades dermatológicas,"['azúcar en sangre', 'ataque al corazón', 'epilepsia', 'inflamación', 'ictus', 'eczema']","['dolor de cabeza', 'fiebre', 'vómitos', 'hinchazón', 'diarrea', 'pérdida de peso']"
D0285,Melanoma de extensión superficial,Enfermedades dermatológicas,"['ataque al corazón', 'infección', 'cáncer', 'artritis', 'problema cardíaco', 'diabetes']","['pérdida de memoria', 'confusión', 'dolor abdominal', 'dolor de cabeza', 'fatiga', 'pérdida de apetito']"
D0286,Queratosis actínica,Enfermedades dermatológicas,"['problema cardíaco', 'presión alta', 'dolor', 'diabetes', 'alergia', 'cáncer']","['pérdida de apetito', 'dolor de cabeza', 'fiebre', 'problemas para dormir', 'náuseas', 'visión borrosa']"
D0287,Acné inflamatorio severo,Enfermedades dermatológicas,"['presión alta', 'dolor', 'alergia', 'ataque al corazón', 'depresión', 'azúcar en sangre']","['problemas para dormir', 'fatiga', 'dolor abdominal', 'visión borrosa', 'vómitos', 'sangrado']"
D0288,Eczema alérgico de contacto,Enfermedades dermatológicas,"['ictus', 'infección', 'colesterol', 'diabetes', 'problema cardíaco', 'problema digestivo']","['vómitos', 'confusión', 'visión borrosa', 'diarrea', 'dolor de cabeza', 'problemas para dormir']"
D0289,Urticaria crónica,Enfermedades dermatológicas,"['alergia', 'inflamación', 'hipotiroidismo', 'colesterol', 'presión alta', 'infección']","['dolor abdominal', 'náuseas', 'pérdida de apetito', 'problemas para dormir', 'pérdida de memoria', 'fatiga']"
D0290,Lupus cutáneo discoide,Enfermedades dermatológicas,"['cáncer', 'problema cardíaco', 'alergia', 'ansiedad', 'hipotiroidismo', 'presión alta']","['dolor de cabeza', 'pérdida de peso', 'diarrea', 'problemas para dormir', 'mareos', 'dolor torácico']"
D0291,Psoriasis vulgar,Enfermedades dermatológicas,"['azúcar en sangre', 'infección', 'problema digestivo', 'ataque al corazón', 'artritis', 'colesterol']","['fatiga', 'pérdida de apetito', 'dolor torácico', 'hinchazón', 'vómitos', 'pérdida de memoria']"
D0292,Dermatitis atópica infantil,Enfermedades dermatológicas,"['depresión', 'ictus', 'problema digestivo', 'artritis', 'asma', 'diabetes']","['pérdida de peso', 'problemas para dormir', 'diarrea', 'tos', 'pérdida de apetito', 'dificultad para respirar']"
D0293,Rosácea papulopustulosa,Enfermedades dermatológicas,"['depresión', 'cáncer', 'ataque al corazón', 'azúcar en sangre', 'infección', 'hipotiroidismo']","['dolor de cabeza', 'pérdida de apetito', 'mareos', 'dolor torácico', 'fiebre', 'problemas para dormir']"
D0294,Vitíligo segmentario,Enfermedades dermatológicas,"['ataque al corazón', 'epilepsia', 'ansiedad', 'colesterol', 'hipotiroidismo', 'presión alta']","['pérdida de apetito', 'tos', 'mareos', 'diarrea', 'náuseas', 'dificultad para respirar']"
D0295,Melanoma de extensión superficial,Enfermedades dermatológicas,"['infección', 'inflamación', 'presión alta', 'dolor', 'ansiedad', 'depresión']","['pérdida de apetito', 'sangrado', 'dolor de cabeza', 'náuseas', 'confusión', 'visión borrosa']"
D0296,Queratosis actínica,Enfermedades dermatológicas,"['problema digestivo', 'diabetes', 'infección', 'azúcar en sangre', 'alergia', 'problema cardíaco']","['confusión', 'pérdida de apetito', 'diarrea', 'dolor de cabeza', 'fatiga', 'dolor abdominal']"
D0297,Acné inflamatorio severo,Enfermedades dermatológicas,"['cáncer', 'hipotiroidismo', 'eczema', 'depresión', 'inflamación', 'problema digestivo']","['tos', 'hinchazón', 'fatiga', 'dolor de cabeza', 'pérdida de peso', 'fiebre']"
D0298,Eczema alérgico de contacto,Enfermedades dermatológicas,"['azúcar en sangre', 'ansiedad', 'hipotiroidismo', 'dolor', 'problema digestivo', 'eczema']","['hinchazón', 'vómitos', 'visión borrosa', 'mareos', 'tos', 'pérdida de apetito']"
D0299,Urticaria crónica,Enfermedades dermatológicas,"['azúcar en sangre', 'problema digestivo', 'artritis', 'hipotiroidismo', 'infección', 'ictus']","['visión borrosa', 'pérdida de memoria', 'fatiga', 'hinchazón', 'confusión', 'diarrea']"
D0300,Lupus cutáneo discoide,Enfermedades dermatológicas,"['eczema', 'ataque al corazón', 'depresión', 'colesterol', 'ictus', 'hipotiroidismo']","['náuseas', 'tos', 'pérdida de memoria', 'dolor de cabeza', 'fiebre', 'diarrea']"
D0301,Psoriasis vulgar,Enfermedades dermatológicas,"['azúcar en sangre', 'ataque al corazón', 'ansiedad', 'ictus', 'problema digestivo', 'cáncer']","['dolor abdominal', 'vómitos', 'fatiga', 'confusión', 'problemas para dormir', 'sangrado']"
D0302,Dermatitis atópica infantil,Enfermedades dermatológicas,"['ictus', 'infección', 'problema cardíaco', 'presión alta', 'eczema', 'diabetes']","['fiebre', 'sangrado', 'visión borrosa', 'fatiga', 'pérdida de memoria', 'mareos']"
D0303,Rosácea papulopustulosa,Enfermedades dermatológicas,"['presión alta', 'azúcar en sangre', 'alergia', 'epilepsia', 'inflamación', 'infección']","['problemas para dormir', 'dolor abdominal', 'confusión', 'tos', 'dolor torácico', 'náuseas']"
D0304,Vitíligo segmentario,Enfermedades dermatológicas,"['alergia', 'problema cardíaco', 'colesterol', 'problema digestivo', 'inflamación', 'diabetes']","['dolor de cabeza', 'visión borrosa', 'tos', 'pérdida de memoria', 'náuseas', 'fatiga']"
D0305,Melanoma de extensión superficial,Enfermedades dermatológicas,"['eczema', 'epilepsia', 'presión alta', 'colesterol', 'artritis', 'ictus']","['vómitos', 'pérdida de apetito', 'tos', 'fiebre', 'dolor torácico', 'hinchazón']"
D0306,Queratosis actínica,Enfermedades dermatológicas,"['inflamación', 'alergia', 'infección', 'presión alta', 'ansiedad', 'asma']","['visión borrosa', 'náuseas', 'pérdida de apetito', 'dolor torácico', 'dolor de cabeza', 'vómitos']"
D0307,Acné inflamatorio severo,Enfermedades dermatológicas,"['cáncer', 'artritis', 'ataque al corazón', 'epilepsia', 'colesterol', 'depresión']","['vómitos', 'tos', 'dolor abdominal', 'náuseas', 'problemas para dormir', 'sangrado']"
D0308,Eczema alérgico de contacto,Enfermedades dermatológicas,"['azúcar en sangre', 'cáncer', 'depresión', 'artritis', 'dolor', 'asma']","['fatiga', 'sangrado', 'problemas para dormir', 'pérdida de peso', 'vómitos', 'visión borrosa']"
D0309,Urticaria crónica,Enfermedades dermatológicas,"['cáncer', 'epilepsia', 'eczema', 'ataque al corazón', 'problema cardíaco', 'colesterol']","['hinchazón', 'tos', 'confusión', 'pérdida de apetito', 'diarrea', 'dificultad para respirar']"
D0310,Lupus cutáneo discoide,Enfermedades dermatológicas,"['asma', 'cáncer', 'artritis', 'epilepsia', 'dolor', 'colesterol']","['confusión', 'sangrado', 'náuseas', 'dolor de cabeza', 'diarrea', 'fatiga']"
D0311,Artritis reumatoide seropositiva,Enfermedades musculoesqueléticas,"['ataque al corazón', 'cáncer', 'inflamación', 'hipotiroidismo', 'ansiedad', 'presión alta']","['mareos', 'visión borrosa', 'hinchazón', 'pérdida de peso', 'fiebre', 'náuseas']"
D0312,Osteoartritis de rodilla,Enfermedades musculoesqueléticas,"['ansiedad', 'eczema', 'problema digestivo', 'ataque al corazón', 'hipotiroidismo', 'depresión']","['problemas para dormir', 'dificultad para respirar', 'hinchazón', 'pérdida de memoria', 'pérdida de peso', 'fiebre']"
D0313,Lumbalgia crónica,Enfermedades musculoesqueléticas,"['asma', 'artritis', 'dolor', 'presión alta', 'problema cardíaco', 'alergia']","['sangrado', 'diarrea', 'pérdida de peso', 'pérdida de apetito', 'dolor de cabeza', 'dolor abdominal']"
D0314,Ciática por hernia discal,Enfermedades musculoesqueléticas,"['infección', 'alergia', 'colesterol', 'diabetes', 'presión alta', 'depresión']","['diarrea', 'problemas para dormir', 'pérdida de apetito', 'sangrado', 'dificultad para respirar', 'dolor de cabeza']"
D0315,Fractura de cadera osteoporótica,Enfermedades musculoesqueléticas,"['eczema', 'colesterol', 'epilepsia', 'infección', 'alergia', 'ataque al corazón']","['pérdida de memoria', 'dolor abdominal', 'tos', 'diarrea', 'náuseas', 'mareos']"
D0316,Síndrome del túnel carpiano,Enfermedades musculoesqueléticas,"['presión alta', 'artritis', 'alergia', 'diabetes', 'azúcar en sangre', 'epilepsia']","['diarrea', 'problemas para dormir', 'tos', 'dificultad para respirar', 'fatiga', 'dolor torácico']"
D0317,Tendinitis del manguito rotador,Enfermedades musculoesqueléticas,"['eczema', 'dolor', 'inflamación', 'ataque al corazón', 'ansiedad', 'colesterol']","['sangrado', 'dolor de cabeza', 'fiebre', 'náuseas', 'pérdida de peso', 'fatiga']"
D0318,Fibromialgia,Enfermedades musculoesqueléticas,"['asma', 'dolor', 'ansiedad', 'problema digestivo', 'cáncer', 'epilepsia']","['dolor abdominal', 'tos', 'dolor de cabeza', 'confusión', 'pérdida de apetito', 'pérdida de memoria']"
D0319,Espondilitis anquilosante,Enfermedades musculoesqueléticas,"['ansiedad', 'diabetes', 'problema digestivo', 'ataque al corazón', 'alergia', 'dolor']","['fatiga', 'hinchazón', 'náuseas', 'pérdida de apetito', 'diarrea', 'pérdida de peso']"
D0320,Gota tofácea,Enfermedades musculoesqueléticas,"['cáncer', 'presión alta', 'diabetes', 'inflamación', 'problema digestivo', 'depresión']","['problemas para dormir', 'confusión', 'dificultad para respirar', 'pérdida de apetito', 'visión borrosa', 'fiebre']"
D0321,Artritis reumatoide seropositiva,Enfermedades musculoesqueléticas,"['inflamación', 'hipotiroidismo', 'colesterol', 'asma', 'cáncer', 'alergia']","['hinchazón', 'dolor torácico', 'sangrado', 'vómitos', 'dificultad para respirar', 'problemas para dormir']"
D0322,Osteoartritis de rodilla,Enfermedades musculoesqueléticas,"['colesterol', 'azúcar en sangre', 'cáncer', 'artritis', 'ansiedad', 'hipotiroidismo']","['fatiga', 'hinchazón', 'pérdida de memoria', 'tos', 'fiebre', 'confusión']"
D0323,Lumbalgia crónica,Enfermedades musculoesqueléticas,"['inflamación', 'problema cardíaco', 'alergia', 'azúcar en sangre', 'ataque al corazón', 'eczema']","['dolor torácico', 'dolor abdominal', 'sangrado', 'dificultad para respirar', 'tos', 'pérdida de apetito']"
D0324,Ciática por hernia discal,Enfermedades musculoesqueléticas,"['epilepsia', 'ataque al corazón', 'ictus', 'presión alta', 'azúcar en sangre', 'ansiedad']","['confusión', 'dificultad para respirar', 'pérdida de peso', 'mareos', 'dolor abdominal', 'náuseas']"
D0325,Fractura de cadera osteoporótica,Enfermedades musculoesqueléticas,"['cáncer', 'inflamación', 'hipotiroidismo', 'epilepsia', 'alergia', 'presión alta']","['tos', 'dificultad para respirar', 'pérdida de apetito', 'pérdida de memoria', 'vómitos', 'fatiga']"
D0326,Síndrome del túnel carpiano,Enfermedades musculoesqueléticas,"['problema digestivo', 'diabetes', 'colesterol', 'eczema', 'alergia', 'infección']","['problemas para dormir', 'dolor abdominal', 'confusión', 'fatiga', 'dolor torácico', 'pérdida de memoria']"
D0327,Tendinitis del manguito rotador,Enfermedades musculoesqueléticas,"['infección', 'dolor', 'problema digestivo', 'asma', 'diabetes', 'azúcar en sangre']","['sangrado', 'confusión', 'náuseas', 'fiebre', 'diarrea', 'problemas para dormir']"
D0328,Fibromialgia,Enfermedades musculoesqueléticas,"['azúcar en sangre', 'ansiedad', 'inflamación', 'ataque al corazón', 'cáncer', 'diabetes']","['problemas para dormir', 'dolor torácico', 'mareos', 'confusión', 'tos', 'dolor abdominal']"
D0329,Espondilitis anquilosante,Enfermedades musculoesqueléticas,"['asma', 'azúcar en sangre', 'ansiedad', 'problema digestivo', 'problema cardíaco', 'colesterol']","['tos', 'dolor torácico', 'mareos', 'pérdida de peso', 'fiebre', 'dificultad para respirar']"
D0330,Gota tofácea,Enfermedades musculoesqueléticas,"['problema digestivo', 'azúcar en sangre', 'cáncer', 'inflamación', 'ansiedad', 'dolor']","['confusión', 'mareos', 'náuseas', 'dolor abdominal', 'hinchazón', 'pérdida de peso']"
D0331,Artritis reumatoide seropositiva,Enfermedades musculoesqueléticas,"['infección', 'inflamación', 'eczema', 'dolor', 'alergia', 'depresión']","['hinchazón', 'fiebre', 'pérdida de peso', 'dolor torácico', 'mareos', 'dificultad para respirar']"
D0332,Osteoartritis de rodilla,Enfermedades musculoesqueléticas,"['colesterol', 'azúcar en sangre', 'cáncer', 'ansiedad', 'asma', 'epilepsia']","['problemas para dormir', 'dificultad para respirar', 'sangrado', 'vómitos', 'visión borrosa', 'náuseas']"
D0333,Lumbalgia crónica,Enfermedades musculoesqueléticas,"['alergia', 'hipotiroidismo', 'epilepsia', 'infección', 'depresión', 'eczema']","['dolor torácico', 'diarrea', 'tos', 'mareos', 'pérdida de memoria', 'problemas para dormir']"
D0334,Ciática por hernia discal,Enfermedades musculoesqueléticas,"['epilepsia', 'ansiedad', 'presión alta', 'asma', 'eczema', 'problema digestivo']","['vómitos', 'pérdida de peso', 'sangrado', 'dificultad para respirar', 'náuseas', 'dolor torácico']"
D0335,Fractura de cadera osteoporótica,Enfermedades musculoesqueléticas,"['problema digestivo', 'eczema', 'ataque al corazón', 'cáncer', 'infección', 'presión alta']","['fiebre', 'diarrea', 'dificultad para respirar', 'dolor torácico', 'problemas para dormir', 'pérdida de memoria']"
D0336,Síndrome del túnel carpiano,Enfermedades musculoesqueléticas,"['ictus', 'cáncer', 'asma', 'eczema', 'problema cardíaco', 'presión alta']","['mareos', 'fiebre', 'tos', 'diarrea', 'confusión', 'dificultad para respirar']"
D0337,Tendinitis del manguito rotador,Enfermedades musculoesqueléticas,"['ansiedad', 'diabetes', 'alergia', 'inflamación', 'presión alta', 'asma']","['tos', 'visión borrosa', 'fiebre', 'vómitos', 'pérdida de apetito', 'dolor abdominal']"
D0338,Fibromialgia,Enfermedades musculoesqueléticas,"['ataque al corazón', 'asma', 'artritis', 'alergia', 'infección', 'inflamación']","['pérdida de memoria', 'visión borrosa', 'fatiga', 'dolor torácico', 'diarrea', 'tos']"
D0339,Espondilitis anquilosante,Enfermedades musculoesqueléticas,"['ansiedad', 'azúcar en sangre', 'hipotiroidismo', 'depresión', 'infección', 'ataque al corazón']","['pérdida de peso', 'confusión', 'dolor torácico', 'sangrado', 'dolor de cabeza', 'mareos']"
D0340,Gota tofácea,Enfermedades musculoesqueléticas,"['problema cardíaco', 'azúcar en sangre', 'depresión', 'epilepsia', 'hipotiroidismo', 'infección']","['dolor torácico', 'visión borrosa', 'tos', 'pérdida de apetito', 'fiebre', 'diarrea']"
D0341,Artritis reumatoide seropositiva,Enfermedades musculoesqueléticas,"['asma', 'azúcar en sangre', 'depresión', 'ictus', 'hipotiroidismo', 'cáncer']","['sangrado', 'dolor torácico', 'visión borrosa', 'náuseas', 'pérdida de apetito', 'pérdida de memoria']"
D0342,Osteoartritis de rodilla,Enfermedades musculoesqueléticas,"['colesterol', 'azúcar en sangre', 'dolor', 'alergia', 'depresión', 'diabetes']","['pérdida de apetito', 'visión borrosa', 'náuseas', 'pérdida de peso', 'tos', 'dolor abdominal']"
D0343,Lumbalgia crónica,Enfermedades musculoesqueléticas,"['asma', 'diabetes', 'artritis', 'eczema', 'azúcar en sangre', 'problema digestivo']","['problemas para dormir', 'pérdida de peso', 'visión borrosa', 'pérdida de apetito', 'diarrea', 'pérdida de memoria']"
D0344,Ciática por hernia discal,Enfermedades musculoesqueléticas,"['artritis', 'presión alta', 'ictus', 'infección', 'cáncer', 'problema cardíaco']","['pérdida de peso', 'hinchazón', 'diarrea', 'dolor de cabeza', 'vómitos', 'pérdida de memoria']"
D0345,Fractura de cadera osteoporótica,Enfermedades musculoesqueléticas,"['hipotiroidismo', 'infección', 'artritis', 'dolor', 'alergia', 'eczema']","['sangrado', 'pérdida de memoria', 'tos', 'fatiga', 'fiebre', 'pérdida de peso']"
D0346,Síndrome del túnel carpiano,Enfermedades musculoesqueléticas,"['ictus', 'inflamación', 'hipotiroidismo', 'infección', 'ataque al corazón', 'problema digestivo']","['problemas para dormir', 'fatiga', 'dolor abdominal', 'confusión', 'náuseas', 'dolor de cabeza']"
D0347,Tendinitis del manguito rotador,Enfermedades musculoesqueléticas,"['ataque al corazón', 'ictus', 'presión alta', 'diabetes', 'azúcar en sangre', 'alergia']","['problemas para dormir', 'hinchazón', 'fiebre', 'tos', 'fatiga', 'dificultad para respirar']"
D0348,Fibromialgia,Enfermedades musculoesqueléticas,"['diabetes', 'problema digestivo', 'eczema', 'problema cardíaco', 'artritis', 'azúcar en sangre']","['pérdida de apetito', 'fatiga', 'náuseas', 'hinchazón', 'fiebre', 'dolor torácico']"
D0349,Espondilitis anquilosante,Enfermedades musculoesqueléticas,"['problema cardíaco', 'alergia', 'dolor', 'ictus', 'epilepsia', 'hipotiroidismo']","['pérdida de apetito', 'visión borrosa', 'dolor abdominal', 'diarrea', 'mareos', 'tos']"
D0350,Gota tofácea,Enfermedades musculoesqueléticas,"['hipotiroidismo', 'alergia', 'colesterol', 'depresión', 'ataque al corazón', 'asma']","['diarrea', 'náuseas', 'dificultad para respirar', 'confusión', 'fatiga', 'dolor torácico']"
D0351,Artritis reumatoide seropositiva,Enfermedades musculoesqueléticas,"['infección', 'alergia', 'diabetes', 'azúcar en sangre', 'ansiedad', 'artritis']","['dolor torácico', 'dificultad para respirar', 'fatiga', 'diarrea', 'dolor abdominal', 'fiebre']"
D0352,Osteoartritis de rodilla,Enfermedades musculoesqueléticas,"['diabetes', 'inflamación', 'eczema', 'asma', 'problema digestivo', 'ictus']","['pérdida de memoria', 'dificultad para respirar', 'sangrado', 'pérdida de apetito', 'náuseas', 'problemas para dormir']"
D0353,Lumbalgia crónica,Enfermedades musculoesqueléticas,"['colesterol', 'cáncer', 'eczema', 'infección', 'ansiedad', 'inflamación']","['dolor abdominal', 'tos', 'fiebre', 'mareos', 'confusión', 'pérdida de peso']"
D0354,Ciática por hernia discal,Enfermedades musculoesqueléticas,"['colesterol', 'artritis', 'depresión', 'asma', 'cáncer', 'eczema']","['vómitos', 'hinchazón', 'mareos', 'fiebre', 'dolor abdominal', 'dolor torácico']"
D0355,Fractura de cadera osteoporótica,Enfermedades musculoesqueléticas,"['depresión', 'alergia', 'hipotiroidismo', 'presión alta', 'ictus', 'colesterol']","['problemas para dormir', 'tos', 'fiebre', 'vómitos', 'pérdida de memoria', 'hinchazón']"
D0356,Síndrome del túnel carpiano,Enfermedades musculoesqueléticas,"['presión alta', 'ataque al corazón', 'cáncer', 'artritis', 'alergia', 'ictus']","['dolor abdominal', 'dolor de cabeza', 'confusión', 'pérdida de peso', 'tos', 'fatiga']"
D0357,Tendinitis del manguito rotador,Enfermedades musculoesqueléticas,"['cáncer', 'problema digestivo', 'inflamación', 'azúcar en sangre', 'artritis', 'alergia']","['problemas para dormir', 'visión borrosa', 'mareos', 'dolor abdominal', 'sangrado', 'tos']"
D0358,Fibromialgia,Enfermedades musculoesqueléticas,"['cáncer', 'ataque al corazón', 'problema cardíaco', 'alergia', 'azúcar en sangre', 'depresión']","['fatiga', 'dolor torácico', 'confusión', 'tos', 'pérdida de apetito', 'vómitos']"
D0359,Espondilitis anquilosante,Enfermedades musculoesqueléticas,"['colesterol', 'ataque al corazón', 'problema cardíaco', 'cáncer', 'presión alta', 'eczema']","['pérdida de peso', 'mareos', 'dolor abdominal', 'náuseas', 'hinchazón', 'dolor de cabeza']"
D0360,Gota tofácea,Enfermedades musculoesqueléticas,"['diabetes', 'cáncer', 'alergia', 'ataque al corazón', 'asma', 'epilepsia']","['dolor de cabeza', 'mareos', 'fiebre', 'dolor abdominal', 'pérdida de memoria', 'tos']"
D0361,Artritis reumatoide seropositiva,Enfermedades musculoesqueléticas,"['diabetes', 'cáncer', 'epilepsia', 'alergia', 'artritis', 'ictus']","['sangrado', 'dolor torácico', 'pérdida de apetito', 'dificultad para respirar', 'vómitos', 'pérdida de memoria']"
D0362,Osteoartritis de rodilla,Enfermedades musculoesqueléticas,"['ataque al corazón', 'cáncer', 'azúcar en sangre', 'infección', 'diabetes', 'dolor']","['dolor abdominal', 'problemas para dormir', 'visión borrosa', 'dolor torácico', 'mareos', 'pérdida de apetito']"
D0363,Lumbalgia crónica,Enfermedades musculoesqueléticas,"['hipotiroidismo', 'eczema', 'inflamación', 'presión alta', 'alergia', 'ictus']","['mareos', 'dolor torácico', 'hinchazón', 'confusión', 'fatiga', 'dolor de cabeza']"
D0364,Ciática por hernia discal,Enfermedades musculoesqueléticas,"['inflamación', 'ansiedad', 'dolor', 'infección', 'diabetes', 'ictus']","['pérdida de peso', 'mareos', 'pérdida de apetito', 'diarrea', 'visión borrosa', 'dolor torácico']"
D0365,Fractura de cadera osteoporótica,Enfermedades musculoesqueléticas,"['colesterol', 'diabetes', 'asma', 'azúcar en sangre', 'ictus', 'problema digestivo']","['pérdida de apetito', 'pérdida de memoria', 'náuseas', 'visión borrosa', 'problemas para dormir', 'sangrado']"
D0366,Síndrome del túnel carpiano,Enfermedades musculoesqueléticas,"['eczema', 'colesterol', 'problema digestivo', 'problema cardíaco', 'hipotiroidismo', 'presión alta']","['pérdida de apetito', 'dolor torácico', 'visión borrosa', 'vómitos', 'confusión', 'dolor de cabeza']"
D0367,Tendinitis del manguito rotador,Enfermedades musculoesqueléticas,"['ansiedad', 'colesterol', 'artritis', 'problema cardíaco', 'ictus', 'epilepsia']","['dolor torácico', 'mareos', 'dolor de cabeza', 'tos', 'visión borrosa', 'pérdida de peso']"
D0368,Fibromialgia,Enfermedades musculoesqueléticas,"['artritis', 'cáncer', 'problema digestivo', 'asma', 'dolor', 'depresión']","['tos', 'dificultad para respirar', 'pérdida de peso', 'dolor torácico', 'vómitos', 'dolor abdominal']"
D0369,Espondilitis anquilosante,Enfermedades musculoesqueléticas,"['infección', 'colesterol', 'alergia', 'ansiedad', 'problema cardíaco', 'epilepsia']","['sangrado', 'náuseas', 'pérdida de peso', 'fiebre', 'hinchazón', 'dolor torácico']"
D0370,Gota tofácea,Enfermedades musculoesqueléticas,"['hipotiroidismo', 'azúcar en sangre', 'artritis', 'colesterol', 'eczema', 'dolor']","['pérdida de memoria', 'confusión', 'dolor torácico', 'vómitos', 'tos', 'dolor de cabeza']"
D0371,COVID-19 leve,Enfermedades infecciosas,"['artritis', 'depresión', 'cáncer', 'asma', 'diabetes', 'azúcar en sangre']","['pérdida de memoria', 'dolor abdominal', 'fiebre', 'mareos', 'tos', 'pérdida de peso']"
D0372,COVID-19 grave,Enfermedades infecciosas,"['problema cardíaco', 'epilepsia', 'asma', 'diabetes', 'ansiedad', 'alergia']","['dolor de cabeza', 'visión borrosa', 'dificultad para respirar', 'pérdida de peso', 'pérdida de memoria', 'pérdida de apetito']"
D0373,Tuberculosis pulmonar activa,Enfermedades infecciosas,"['artritis', 'infección', 'alergia', 'asma', 'diabetes', 'epilepsia']","['diarrea', 'vómitos', 'problemas para dormir', 'pérdida de memoria', 'dificultad para respirar', 'fiebre']"
D0374,VIH/SIDA etapa 1,Enfermedades infecciosas,"['problema cardíaco', 'presión alta', 'ictus', 'azúcar en sangre', 'infección', 'epilepsia']","['pérdida de apetito', 'pérdida de peso', 'dificultad para respirar', 'confusión', 'mareos', 'pérdida de memoria']"
D0375,VIH/SIDA etapa 4,Enfermedades infecciosas,"['ictus', 'epilepsia', 'presión alta', 'artritis', 'azúcar en sangre', 'ataque al corazón']","['hinchazón', 'confusión', 'pérdida de peso', 'sangrado', 'náuseas', 'diarrea']"
D0376,Dengue clásico,Enfermedades infecciosas,"['ataque al corazón', 'hipotiroidismo', 'infección', 'problema cardíaco', 'azúcar en sangre', 'inflamación']","['dolor torácico', 'tos', 'visión borrosa', 'mareos', 'pérdida de peso', 'pérdida de apetito']"
D0377,Dengue hemorrágico,Enfermedades infecciosas,"['presión alta', 'epilepsia', 'colesterol', 'artritis', 'infección', 'azúcar en sangre']","['pérdida de memoria', 'diarrea', 'fatiga', 'problemas para dormir', 'pérdida de apetito', 'tos']"
D0378,Zika sintomático,Enfermedades infecciosas,"['alergia', 'artritis', 'problema cardíaco', 'cáncer', 'inflamación', 'epilepsia']","['tos', 'confusión', 'náuseas', 'pérdida de peso', 'fiebre', 'fatiga']"
D0379,Hepatitis A aguda,Enfermedades infecciosas,"['alergia', 'inflamación', 'azúcar en sangre', 'epilepsia', 'eczema', 'hipotiroidismo']","['fiebre', 'confusión', 'visión borrosa', 'mareos', 'hinchazón', 'dolor torácico']"
D0380,Mononucleosis infecciosa,Enfermedades infecciosas,"['presión alta', 'artritis', 'dolor', 'colesterol', 'hipotiroidismo', 'eczema']","['dificultad para respirar', 'fatiga', 'dolor torácico', 'confusión', 'vómitos', 'pérdida de memoria']"
D0381,COVID-19 leve,Enfermedades infecciosas,"['azúcar en sangre', 'hipotiroidismo', 'infección', 'ansiedad', 'eczema', 'colesterol']","['mareos', 'dolor de cabeza', 'náuseas', 'problemas para dormir', 'diarrea', 'dolor torácico']"
D0382,COVID-19 grave,Enfermedades infecciosas,"['problema cardíaco', 'eczema', 'epilepsia', 'ansiedad', 'asma', 'problema digestivo']","['pérdida de apetito', 'problemas para dormir', 'visión borrosa', 'fatiga', 'tos', 'fiebre']"
D0383,Tuberculosis pulmonar activa,Enfermedades infecciosas,"['cáncer', 'ataque al corazón', 'depresión', 'eczema', 'alergia', 'dolor']","['dificultad para respirar', 'pérdida de apetito', 'tos', 'mareos', 'sangrado', 'hinchazón']"
D0384,VIH/SIDA etapa 1,Enfermedades infecciosas,"['epilepsia', 'hipotiroidismo', 'cáncer', 'dolor', 'colesterol', 'eczema']","['vómitos', 'pérdida de peso', 'tos', 'sangrado', 'pérdida de memoria', 'visión borrosa']"
D0385,VIH/SIDA etapa 4,Enfermedades infecciosas,"['epilepsia', 'dolor', 'hipotiroidismo', 'ansiedad', 'presión alta', 'colesterol']","['dolor de cabeza', 'problemas para dormir', 'dolor torácico', 'tos', 'vómitos', 'mareos']"
D0386,Dengue clásico,Enfermedades infecciosas,"['inflamación', 'presión alta', 'hipotiroidismo', 'azúcar en sangre', 'infección', 'eczema']","['diarrea', 'visión borrosa', 'pérdida de apetito', 'fatiga', 'dificultad para respirar', 'vómitos']"
D0387,Dengue hemorrágico,Enfermedades infecciosas,"['diabetes', 'inflamación', 'epilepsia', 'alergia', 'asma', 'cáncer']","['diarrea', 'problemas para dormir', 'dolor de cabeza', 'pérdida de peso', 'mareos', 'fiebre']"
D0388,Zika sintomático,Enfermedades infecciosas,"['dolor', 'cáncer', 'inflamación', 'ataque al corazón', 'infección', 'diabetes']","['hinchazón', 'tos', 'pérdida de memoria', 'fiebre', 'fatiga', 'dolor abdominal']"
D0389,Hepatitis A aguda,Enfermedades infecciosas,"['problema cardíaco', 'colesterol', 'diabetes', 'inflamación', 'ansiedad', 'eczema']","['vómitos', 'diarrea', 'pérdida de memoria', 'fatiga', 'pérdida de peso', 'visión borrosa']"
D0390,Mononucleosis infecciosa,Enfermedades infecciosas,"['azúcar en sangre', 'dolor', 'ataque al corazón', 'hipotiroidismo', 'artritis', 'epilepsia']","['diarrea', 'confusión', 'dificultad para respirar', 'problemas para dormir', 'hinchazón', 'mareos']"
D0391,COVID-19 leve,Enfermedades infecciosas,"['asma', 'infección', 'eczema', 'presión alta', 'azúcar en sangre', 'ictus']","['dificultad para respirar', 'confusión', 'dolor torácico', 'pérdida de peso', 'mareos', 'tos']"
D0392,COVID-19 grave,Enfermedades infecciosas,"['presión alta', 'ansiedad', 'inflamación', 'ictus', 'cáncer', 'hipotiroidismo']","['mareos', 'dificultad para respirar', 'sangrado', 'pérdida de memoria', 'visión borrosa', 'pérdida de peso']"
D0393,Tuberculosis pulmonar activa,Enfermedades infecciosas,"['presión alta', 'alergia', 'cáncer', 'asma', 'dolor', 'eczema']","['fatiga', 'pérdida de apetito', 'pérdida de memoria', 'dolor abdominal', 'diarrea', 'dificultad para respirar']"
D0394,VIH/SIDA etapa 1,Enfermedades infecciosas,"['depresión', 'ictus', 'problema cardíaco', 'azúcar en sangre', 'inflamación', 'ansiedad']","['náuseas', 'fiebre', 'sangrado', 'diarrea', 'dificultad para respirar', 'dolor abdominal']"
D0395,VIH/SIDA etapa 4,Enfermedades infecciosas,"['problema cardíaco', 'infección', 'ictus', 'cáncer', 'epilepsia', 'inflamación']","['problemas para dormir', 'pérdida de peso', 'dolor de cabeza', 'tos', 'pérdida de apetito', 'diarrea']"
D0396,Dengue clásico,Enfermedades infecciosas,"['epilepsia', 'problema digestivo', 'presión alta', 'dolor', 'problema cardíaco', 'cáncer']","['pérdida de peso', 'náuseas', 'visión borrosa', 'hinchazón', 'pérdida de apetito', 'diarrea']"
D0397,Dengue hemorrágico,Enfermedades infecciosas,"['colesterol', 'depresión', 'cáncer', 'hipotiroidismo', 'inflamación', 'ataque al corazón']","['dificultad para respirar', 'pérdida de memoria', 'fatiga', 'dolor torácico', 'confusión', 'hinchazón']"
D0398,Zika sintomático,Enfermedades infecciosas,"['eczema', 'alergia', 'depresión', 'hipotiroidismo', 'azúcar en sangre', 'cáncer']","['confusión', 'dolor de cabeza', 'fatiga', 'visión borrosa', 'diarrea', 'pérdida de apetito']"
D0399,Hepatitis A aguda,Enfermedades infecciosas,"['infección', 'problema cardíaco', 'eczema', 'problema digestivo', 'cáncer', 'azúcar en sangre']","['dolor torácico', 'dificultad para respirar', 'vómitos', 'pérdida de apetito', 'náuseas', 'confusión']"
D0400,Mononucleosis infecciosa,Enfermedades infecciosas,"['alergia', 'dolor', 'problema cardíaco', 'presión alta', 'epilepsia', 'problema digestivo']","['diarrea', 'tos', 'vómitos', 'pérdida de memoria', 'fiebre', 'pérdida de apetito']"
D0401,COVID-19 leve,Enfermedades infecciosas,"['epilepsia', 'depresión', 'eczema', 'infección', 'artritis', 'presión alta']","['vómitos', 'fiebre', 'dolor abdominal', 'hinchazón', 'náuseas', 'mareos']"
D0402,COVID-19 grave,Enfermedades infecciosas,"['epilepsia', 'inflamación', 'hipotiroidismo', 'ictus', 'alergia', 'artritis']","['fiebre', 'dolor de cabeza', 'pérdida de apetito', 'dolor torácico', 'mareos', 'náuseas']"
D0403,Tuberculosis pulmonar activa,Enfermedades infecciosas,"['asma', 'artritis', 'problema cardíaco', 'presión alta', 'hipotiroidismo', 'dolor']","['hinchazón', 'dificultad para respirar', 'visión borrosa', 'problemas para dormir', 'dolor torácico', 'pérdida de memoria']"
D0404,VIH/SIDA etapa 1,Enfermedades infecciosas,"['cáncer', 'infección', 'azúcar en sangre', 'epilepsia', 'inflamación', 'dolor']","['confusión', 'mareos', 'hinchazón', 'pérdida de apetito', 'problemas para dormir', 'náuseas']"
D0405,VIH/SIDA etapa 4,Enfermedades infecciosas,"['cáncer', 'hipotiroidismo', 'epilepsia', 'alergia', 'presión alta', 'ansiedad']","['dolor abdominal', 'dolor torácico', 'pérdida de apetito', 'hinchazón', 'confusión', 'visión borrosa']"
D0406,Dengue clásico,Enfermedades infecciosas,"['alergia', 'dolor', 'ansiedad', 'ataque al corazón', 'epilepsia', 'azúcar en sangre']","['problemas para dormir', 'fatiga', 'dolor de cabeza', 'vómitos', 'confusión', 'hinchazón']"
D0407,Dengue hemorrágico,Enfermedades infecciosas,"['hipotiroidismo', 'diabetes', 'infección', 'ansiedad', 'dolor', 'inflamación']","['mareos', 'pérdida de peso', 'fiebre', 'náuseas', 'problemas para dormir', 'pérdida de apetito']"
D0408,Zika sintomático,Enfermedades infecciosas,"['eczema', 'azúcar en sangre', 'diabetes', 'epilepsia', 'cáncer', 'asma']","['confusión', 'dolor torácico', 'vómitos', 'problemas para dormir', 'visión borrosa', 'dolor de cabeza']"
D0409,Hepatitis A aguda,Enfermedades infecciosas,"['colesterol', 'problema digestivo', 'eczema', 'artritis', 'epilepsia', 'azúcar en sangre']","['pérdida de peso', 'sangrado', 'mareos', 'fiebre', 'vómitos', 'pérdida de apetito']"
D0410,Mononucleosis infecciosa,Enfermedades infecciosas,"['problema cardíaco', 'ataque al corazón', 'inflamación', 'alergia', 'azúcar en sangre', 'presión alta']","['náuseas', 'pérdida de memoria', 'mareos', 'dolor abdominal', 'vómitos', 'tos']"
D0411,COVID-19 leve,Enfermedades infecciosas,"['ansiedad', 'cáncer', 'hipotiroidismo', 'epilepsia', 'eczema', 'diabetes']","['vómitos', 'fiebre', 'dificultad para respirar', 'sangrado', 'hinchazón', 'pérdida de memoria']"
D0412,COVID-19 grave,Enfermedades infecciosas,"['epilepsia', 'depresión', 'colesterol', 'dolor', 'eczema', 'inflamación']","['fatiga', 'vómitos', 'dificultad para respirar', 'sangrado', 'hinchazón', 'pérdida de memoria']"
D0413,Tuberculosis pulmonar activa,Enfermedades infecciosas,"['artritis', 'ataque al corazón', 'depresión', 'hipotiroidismo', 'problema digestivo', 'epilepsia']","['pérdida de peso', 'vómitos', 'hinchazón', 'dolor de cabeza', 'confusión', 'pérdida de apetito']"
D0414,VIH/SIDA etapa 1,Enfermedades infecciosas,"['eczema', 'presión alta', 'artritis', 'diabetes', 'epilepsia', 'asma']","['problemas para dormir', 'pérdida de memoria', 'tos', 'dolor torácico', 'fatiga', 'pérdida de apetito']"
D0415,VIH/SIDA etapa 4,Enfermedades infecciosas,"['ansiedad', 'inflamación', 'epilepsia', 'infección', 'eczema', 'problema digestivo']","['mareos', 'dolor abdominal', 'fatiga', 'sangrado', 'pérdida de peso', 'fiebre']"
D0416,Dengue clásico,Enfermedades infecciosas,"['epilepsia', 'dolor', 'alergia', 'problema cardíaco', 'problema digestivo', 'diabetes']","['diarrea', 'vómitos', 'pérdida de peso', 'mareos', 'problemas para dormir', 'dolor abdominal']"
D0417,Dengue hemorrágico,Enfermedades infecciosas,"['problema cardíaco', 'presión alta', 'asma', 'diabetes', 'inflamación', 'infección']","['hinchazón', 'dolor abdominal', 'mareos', 'pérdida de apetito', 'fiebre', 'pérdida de memoria']"
D0418,Zika sintomático,Enfermedades infecciosas,"['diabetes', 'alergia', 'presión alta', 'depresión', 'problema cardíaco', 'cáncer']","['sangrado', 'vómitos', 'problemas para dormir', 'pérdida de apetito', 'náuseas', 'pérdida de peso']"
D0419,Hepatitis A aguda,Enfermedades infecciosas,"['infección', 'inflamación', 'alergia', 'problema cardíaco', 'azúcar en sangre', 'depresión']","['problemas para dormir', 'dolor torácico', 'fatiga', 'diarrea', 'fiebre', 'pérdida de memoria']"
D0420,Mononucleosis infecciosa,Enfermedades infecciosas,"['presión alta', 'alergia', 'azúcar en sangre', 'asma', 'epilepsia', 'dolor']","['pérdida de memoria', 'fiebre', 'hinchazón', 'sangrado', 'mareos', 'vómitos']"
D0421,COVID-19 leve,Enfermedades infecciosas,"['depresión', 'cáncer', 'dolor', 'presión alta', 'artritis', 'problema digestivo']","['mareos', 'tos', 'dificultad para respirar', 'pérdida de peso', 'pérdida de memoria', 'dolor de cabeza']"
D0422,COVID-19 grave,Enfermedades infecciosas,"['artritis', 'ansiedad', 'depresión', 'problema cardíaco', 'hipotiroidismo', 'infección']","['náuseas', 'vómitos', 'fatiga', 'fiebre', 'problemas para dormir', 'confusión']"
D0423,Tuberculosis pulmonar activa,Enfermedades infecciosas,"['epilepsia', 'eczema', 'depresión', 'infección', 'cáncer', 'diabetes']","['dificultad para respirar', 'mareos', 'pérdida de peso', 'confusión', 'visión borrosa', 'náuseas']"
D0424,VIH/SIDA etapa 1,Enfermedades infecciosas,"['ictus', 'problema cardíaco', 'diabetes', 'artritis', 'infección', 'asma']","['pérdida de apetito', 'dolor abdominal', 'dolor de cabeza', 'visión borrosa', 'fatiga', 'problemas para dormir']"
D0425,VIH/SIDA etapa 4,Enfermedades infecciosas,"['asma', 'hipotiroidismo', 'depresión', 'dolor', 'azúcar en sangre', 'eczema']","['visión borrosa', 'fiebre', 'vómitos', 'dolor de cabeza', 'pérdida de peso', 'dolor torácico']"
D0426,Dengue clásico,Enfermedades infecciosas,"['diabetes', 'colesterol', 'presión alta', 'alergia', 'cáncer', 'inflamación']","['diarrea', 'visión borrosa', 'pérdida de peso', 'confusión', 'mareos', 'dolor torácico']"
D0427,Dengue hemorrágico,Enfermedades infecciosas,"['dolor', 'asma', 'problema digestivo', 'presión alta', 'eczema', 'artritis']","['dolor de cabeza', 'náuseas', 'problemas para dormir', 'hinchazón', 'pérdida de peso', 'pérdida de apetito']"
D0428,Zika sintomático,Enfermedades infecciosas,"['cáncer', 'ictus', 'ataque al corazón', 'dolor', 'depresión', 'artritis']","['pérdida de memoria', 'dificultad para respirar', 'confusión', 'hinchazón', 'problemas para dormir', 'diarrea']"
D0429,Hepatitis A aguda,Enfermedades infecciosas,"['eczema', 'diabetes', 'cáncer', 'artritis', 'hipotiroidismo', 'inflamación']","['dificultad para respirar', 'fatiga', 'pérdida de apetito', 'diarrea', 'náuseas', 'fiebre']"
D0430,Mononucleosis infecciosa,Enfermedades infecciosas,"['problema cardíaco', 'epilepsia', 'cáncer', 'hipotiroidismo', 'ansiedad', 'dolor']","['pérdida de peso', 'tos', 'fatiga', 'pérdida de memoria', 'dolor de cabeza', 'sangrado']"
D0431,Lupus eritematoso sistémico,Enfermedades autoinmunes,"['diabetes', 'depresión', 'inflamación', 'epilepsia', 'ataque al corazón', 'presión alta']","['náuseas', 'dolor torácico', 'hinchazón', 'pérdida de apetito', 'pérdida de peso', 'tos']"
D0432,Esclerosis sistémica difusa,Enfermedades autoinmunes,"['presión alta', 'dolor', 'diabetes', 'asma', 'artritis', 'inflamación']","['vómitos', 'pérdida de apetito', 'pérdida de peso', 'dolor de cabeza', 'sangrado', 'dificultad para respirar']"
D0433,Artritis psoriásica con entesitis,Enfermedades autoinmunes,"['dolor', 'ataque al corazón', 'artritis', 'problema cardíaco', 'depresión', 'hipotiroidismo']","['dolor de cabeza', 'pérdida de apetito', 'pérdida de peso', 'dolor torácico', 'problemas para dormir', 'tos']"
D0434,Síndrome de Sjögren primario,Enfermedades autoinmunes,"['alergia', 'azúcar en sangre', 'ictus', 'infección', 'diabetes', 'problema digestivo']","['dolor de cabeza', 'pérdida de apetito', 'hinchazón', 'dificultad para respirar', 'fiebre', 'náuseas']"
D0435,Miastenia gravis,Enfermedades autoinmunes,"['eczema', 'epilepsia', 'dolor', 'alergia', 'artritis', 'inflamación']","['fatiga', 'pérdida de apetito', 'hinchazón', 'dolor torácico', 'problemas para dormir', 'pérdida de peso']"
D0436,Vasculitis ANCA positiva,Enfermedades autoinmunes,"['inflamación', 'azúcar en sangre', 'ictus', 'asma', 'hipotiroidismo', 'ataque al corazón']","['confusión', 'mareos', 'fatiga', 'dolor torácico', 'fiebre', 'visión borrosa']"
D0437,Pénfigo vulgar,Enfermedades autoinmunes,"['epilepsia', 'azúcar en sangre', 'problema digestivo', 'dolor', 'presión alta', 'ansiedad']","['confusión', 'vómitos', 'hinchazón', 'dolor de cabeza', 'sangrado', 'pérdida de apetito']"
D0438,Lupus eritematoso sistémico,Enfermedades autoinmunes,"['ansiedad', 'presión alta', 'infección', 'eczema', 'artritis', 'depresión']","['visión borrosa', 'náuseas', 'mareos', 'vómitos', 'dificultad para respirar', 'problemas para dormir']"
D0439,Esclerosis sistémica difusa,Enfermedades autoinmunes,"['epilepsia', 'ictus', 'diabetes', 'problema digestivo', 'depresión', 'cáncer']","['vómitos', 'náuseas', 'dolor abdominal', 'tos', 'pérdida de apetito', 'confusión']"
D0440,Artritis psoriásica con entesitis,Enfermedades autoinmunes,"['ataque al corazón', 'colesterol', 'depresión', 'azúcar en sangre', 'diabetes', 'cáncer']","['problemas para dormir', 'fiebre', 'mareos', 'vómitos', 'dificultad para respirar', 'sangrado']"
D0441,Síndrome de Sjögren primario,Enfermedades autoinmunes,"['infección', 'artritis', 'cáncer', 'epilepsia', 'colesterol', 'problema cardíaco']","['tos', 'dolor torácico', 'pérdida de peso', 'fiebre', 'dolor abdominal', 'dificultad para respirar']"
D0442,Miastenia gravis,Enfermedades autoinmunes,"['asma', 'eczema', 'hipotiroidismo', 'infección', 'azúcar en sangre', 'colesterol']","['diarrea', 'pérdida de memoria', 'tos', 'fiebre', 'dolor abdominal', 'problemas para dormir']"
D0443,Vasculitis ANCA positiva,Enfermedades autoinmunes,"['inflamación', 'alergia', 'problema cardíaco', 'artritis', 'ataque al corazón', 'azúcar en sangre']","['fatiga', 'confusión', 'fiebre', 'dolor torácico', 'problemas para dormir', 'pérdida de apetito']"
D0444,Pénfigo vulgar,Enfermedades autoinmunes,"['azúcar en sangre', 'eczema', 'ansiedad', 'diabetes', 'inflamación', 'problema digestivo']","['vómitos', 'sangrado', 'mareos', 'pérdida de memoria', 'fatiga', 'dolor de cabeza']"
D0445,Lupus eritematoso sistémico,Enfermedades autoinmunes,"['colesterol', 'ataque al corazón', 'dolor', 'depresión', 'azúcar en sangre', 'problema digestivo']","['pérdida de apetito', 'mareos', 'problemas para dormir', 'visión borrosa', 'fiebre', 'pérdida de peso']"
D0446,Esclerosis sistémica difusa,Enfermedades autoinmunes,"['problema cardíaco', 'ataque al corazón', 'colesterol', 'dolor', 'problema digestivo', 'epilepsia']","['mareos', 'confusión', 'dolor torácico', 'náuseas', 'dolor abdominal', 'dolor de cabeza']"
D0447,Artritis psoriásica con entesitis,Enfermedades autoinmunes,"['artritis', 'depresión', 'dolor', 'problema digestivo', 'epilepsia', 'azúcar en sangre']","['visión borrosa', 'mareos', 'dificultad para respirar', 'fiebre', 'hinchazón', 'pérdida de apetito']"
D0448,Síndrome de Sjögren primario,Enfermedades autoinmunes,"['hipotiroidismo', 'cáncer', 'ataque al corazón', 'azúcar en sangre', 'colesterol', 'epilepsia']","['pérdida de peso', 'vómitos', 'visión borrosa', 'confusión', 'dolor de cabeza', 'diarrea']"
D0449,Miastenia gravis,Enfermedades autoinmunes,"['ansiedad', 'depresión', 'eczema', 'alergia', 'colesterol', 'asma']","['diarrea', 'dificultad para respirar', 'pérdida de peso', 'fiebre', 'dolor torácico', 'problemas para dormir']"
D0450,Vasculitis ANCA positiva,Enfermedades autoinmunes,"['artritis', 'asma', 'problema digestivo', 'diabetes', 'colesterol', 'dolor']","['fiebre', 'pérdida de apetito', 'dolor de cabeza', 'dolor torácico', 'diarrea', 'confusión']"
D0451,Pénfigo vulgar,Enfermedades autoinmunes,"['diabetes', 'problema cardíaco', 'epilepsia', 'ansiedad', 'eczema', 'alergia']","['visión borrosa', 'pérdida de peso', 'fiebre', 'diarrea', 'dolor abdominal', 'pérdida de memoria']"
D0452,Lupus eritematoso sistémico,Enfermedades autoinmunes,"['asma', 'ansiedad', 'presión alta', 'cáncer', 'colesterol', 'hipotiroidismo']","['hinchazón', 'confusión', 'dolor abdominal', 'dolor de cabeza', 'diarrea', 'vómitos']"
D0453,Esclerosis sistémica difusa,Enfermedades autoinmunes,"['inflamación', 'azúcar en sangre', 'diabetes', 'artritis', 'presión alta', 'alergia']","['pérdida de memoria', 'pérdida de peso', 'náuseas', 'tos', 'hinchazón', 'dificultad para respirar']"
D0454,Artritis psoriásica con entesitis,Enfermedades autoinmunes,"['presión alta', 'problema cardíaco', 'depresión', 'dolor', 'eczema', 'azúcar en sangre']","['pérdida de memoria', 'dolor de cabeza', 'fatiga', 'dolor torácico', 'problemas para dormir', 'hinchazón']"
D0455,Síndrome de Sjögren primario,Enfermedades autoinmunes,"['problema cardíaco', 'epilepsia', 'diabetes', 'alergia', 'depresión', 'inflamación']","['confusión', 'dificultad para respirar', 'náuseas', 'sangrado', 'vómitos', 'hinchazón']"
D0456,Miastenia gravis,Enfermedades autoinmunes,"['depresión', 'presión alta', 'azúcar en sangre', 'epilepsia', 'inflamación', 'cáncer']","['dolor abdominal', 'sangrado', 'diarrea', 'pérdida de peso', 'pérdida de apetito', 'vómitos']"
D0457,Vasculitis ANCA positiva,Enfermedades autoinmunes,"['artritis', 'problema digestivo', 'ictus', 'alergia', 'ansiedad', 'hipotiroidismo']","['confusión', 'problemas para dormir', 'visión borrosa', 'pérdida de apetito', 'sangrado', 'dificultad para respirar']"
D0458,Pénfigo vulgar,Enfermedades autoinmunes,"['ataque al corazón', 'depresión', 'azúcar en sangre', 'infección', 'epilepsia', 'hipotiroidismo']","['náuseas', 'hinchazón', 'tos', 'dolor de cabeza', 'pérdida de apetito', 'vómitos']"
D0459,Lupus eritematoso sistémico,Enfermedades autoinmunes,"['inflamación', 'azúcar en sangre', 'ataque al corazón', 'alergia', 'eczema', 'depresión']","['fiebre', 'mareos', 'problemas para dormir', 'pérdida de memoria', 'sangrado', 'fatiga']"
D0460,Esclerosis sistémica difusa,Enfermedades autoinmunes,"['hipotiroidismo', 'epilepsia', 'problema digestivo', 'asma', 'diabetes', 'alergia']","['fatiga', 'dolor torácico', 'pérdida de peso', 'mareos', 'visión borrosa', 'dolor abdominal']"
D0461,Cistitis aguda,Enfermedades renales y urinarias,"['depresión', 'eczema', 'dolor', 'inflamación', 'epilepsia', 'colesterol']","['vómitos', 'hinchazón', 'náuseas', 'confusión', 'dolor abdominal', 'dolor de cabeza']"
D0462,Pielonefritis crónica,Enfermedades renales y urinarias,"['ansiedad', 'artritis', 'ataque al corazón', 'dolor', 'asma', 'eczema']","['confusión', 'visión borrosa', 'pérdida de peso', 'dolor torácico', 'fiebre', 'hinchazón']"
D0463,Insuficiencia renal crónica estadio 3,Enfermedades renales y urinarias,"['asma', 'cáncer', 'alergia', 'inflamación', 'problema digestivo', 'depresión']","['náuseas', 'diarrea', 'confusión', 'fiebre', 'hinchazón', 'pérdida de memoria']"
D0464,Litiasis renal múltiple,Enfermedades renales y urinarias,"['problema digestivo', 'alergia', 'infección', 'artritis', 'diabetes', 'ansiedad']","['dolor abdominal', 'náuseas', 'sangrado', 'dificultad para respirar', 'fatiga', 'confusión']"
D0465,Síndrome nefrótico idiopático,Enfermedades renales y urinarias,"['ansiedad', 'dolor', 'epilepsia', 'depresión', 'infección', 'problema digestivo']","['confusión', 'visión borrosa', 'tos', 'dificultad para respirar', 'mareos', 'fiebre']"
D0466,Glomerulonefritis postestreptocócica,Enfermedades renales y urinarias,"['ansiedad', 'artritis', 'presión alta', 'inflamación', 'colesterol', 'dolor']","['tos', 'dificultad para respirar', 'sangrado', 'confusión', 'diarrea', 'problemas para dormir']"
D0467,Nefropatía diabética,Enfermedades renales y urinarias,"['dolor', 'infección', 'ansiedad', 'problema digestivo', 'depresión', 'colesterol']","['mareos', 'dolor torácico', 'sangrado', 'diarrea', 'pérdida de peso', 'dolor de cabeza']"
D0468,Cistitis aguda,Enfermedades renales y urinarias,"['azúcar en sangre', 'infección', 'cáncer', 'alergia', 'diabetes', 'hipotiroidismo']","['problemas para dormir', 'confusión', 'tos', 'diarrea', 'mareos', 'pérdida de apetito']"
D0469,Pielonefritis crónica,Enfermedades renales y urinarias,"['hipotiroidismo', 'artritis', 'depresión', 'asma', 'alergia', 'ataque al corazón']","['visión borrosa', 'dolor torácico', 'vómitos', 'mareos', 'tos', 'pérdida de memoria']"
D0470,Insuficiencia renal crónica estadio 3,Enfermedades renales y urinarias,"['problema cardíaco', 'ansiedad', 'diabetes', 'hipotiroidismo', 'epilepsia', 'artritis']","['dolor de cabeza', 'problemas para dormir', 'dolor torácico', 'pérdida de apetito', 'mareos', 'vómitos']"
D0471,Litiasis renal múltiple,Enfermedades renales y urinarias,"['ansiedad', 'presión alta', 'asma', 'problema digestivo', 'diabetes', 'inflamación']","['dificultad para respirar', 'sangrado', 'pérdida de apetito', 'fatiga', 'diarrea', 'náuseas']"
D0472,Síndrome nefrótico idiopático,Enfermedades renales y urinarias,"['azúcar en sangre', 'problema digestivo', 'infección', 'depresión', 'asma', 'problema cardíaco']","['dificultad para respirar', 'fiebre', 'vómitos', 'hinchazón', 'dolor de cabeza', 'visión borrosa']"
D0473,Glomerulonefritis postestreptocócica,Enfermedades renales y urinarias,"['alergia', 'depresión', 'problema digestivo', 'inflamación', 'problema cardíaco', 'diabetes']","['náuseas', 'dificultad para respirar', 'visión borrosa', 'sangrado', 'dolor torácico', 'dolor de cabeza']"
D0474,Nefropatía diabética,Enfermedades renales y urinarias,"['asma', 'problema cardíaco', 'presión alta', 'artritis', 'ictus', 'hipotiroidismo']","['dolor torácico', 'diarrea', 'hinchazón', 'visión borrosa', 'mareos', 'pérdida de memoria']"
D0475,Cistitis aguda,Enfermedades renales y urinarias,"['ataque al corazón', 'artritis', 'eczema', 'depresión', 'problema cardíaco', 'inflamación']","['pérdida de apetito', 'pérdida de memoria', 'vómitos', 'confusión', 'dolor de cabeza', 'sangrado']"
D0476,Pielonefritis crónica,Enfermedades renales y urinarias,"['epilepsia', 'inflamación', 'ansiedad', 'alergia', 'presión alta', 'problema digestivo']","['problemas para dormir', 'dolor de cabeza', 'diarrea', 'dolor torácico', 'fiebre', 'náuseas']"
D0477,Insuficiencia renal crónica estadio 3,Enfermedades renales y urinarias,"['ansiedad', 'depresión', 'colesterol', 'asma', 'azúcar en sangre', 'alergia']","['pérdida de apetito', 'dolor torácico', 'diarrea', 'pérdida de memoria', 'pérdida de peso', 'fiebre']"
D0478,Litiasis renal múltiple,Enfermedades renales y urinarias,"['epilepsia', 'dolor', 'hipotiroidismo', 'inflamación', 'alergia', 'colesterol']","['dificultad para respirar', 'fiebre', 'dolor abdominal', 'sangrado', 'visión borrosa', 'dolor de cabeza']"
D0479,Síndrome nefrótico idiopático,Enfermedades renales y urinarias,"['dolor', 'eczema', 'diabetes', 'inflamación', 'ictus', 'azúcar en sangre']","['pérdida de peso', 'fatiga', 'dolor torácico', 'mareos', 'confusión', 'pérdida de memoria']"
D0480,Glomerulonefritis postestreptocócica,Enfermedades renales y urinarias,"['infección', 'ataque al corazón', 'colesterol', 'eczema', 'azúcar en sangre', 'dolor']","['fiebre', 'pérdida de peso', 'dificultad para respirar', 'diarrea', 'náuseas', 'fatiga']"
D0481,Nefropatía diabética,Enfermedades renales y urinarias,"['ansiedad', 'problema digestivo', 'inflamación', 'depresión', 'alergia', 'asma']","['dificultad para respirar', 'pérdida de peso', 'dolor de cabeza', 'tos', 'vómitos', 'hinchazón']"
D0482,Cistitis aguda,Enfermedades renales y urinarias,"['ataque al corazón', 'ictus', 'colesterol', 'artritis', 'dolor', 'cáncer']","['fatiga', 'vómitos', 'pérdida de memoria', 'tos', 'fiebre', 'dolor abdominal']"
D0483,Pielonefritis crónica,Enfermedades renales y urinarias,"['infección', 'azúcar en sangre', 'artritis', 'ataque al corazón', 'inflamación', 'asma']","['diarrea', 'pérdida de memoria', 'sangrado', 'fatiga', 'dolor torácico', 'dolor de cabeza']"
D0484,Insuficiencia renal crónica estadio 3,Enfermedades renales y urinarias,"['inflamación', 'asma', 'hipotiroidismo', 'ictus', 'ataque al corazón', 'eczema']","['dificultad para respirar', 'diarrea', 'confusión', 'pérdida de peso', 'sangrado', 'vómitos']"
D0485,Litiasis renal múltiple,Enfermedades renales y urinarias,"['eczema', 'hipotiroidismo', 'ansiedad', 'dolor', 'infección', 'alergia']","['fatiga', 'dificultad para respirar', 'dolor abdominal', 'pérdida de memoria', 'diarrea', 'pérdida de apetito']"
D0486,Síndrome nefrótico idiopático,Enfermedades renales y urinarias,"['diabetes', 'presión alta', 'ictus', 'eczema', 'problema digestivo', 'artritis']","['dolor abdominal', 'pérdida de memoria', 'vómitos', 'dolor torácico', 'dificultad para respirar', 'tos']"
D0487,Glomerulonefritis postestreptocócica,Enfermedades renales y urinarias,"['artritis', 'colesterol', 'problema cardíaco', 'dolor', 'asma', 'ictus']","['pérdida de memoria', 'hinchazón', 'dolor torácico', 'pérdida de apetito', 'confusión', 'náuseas']"
D0488,Nefropatía diabética,Enfermedades renales y urinarias,"['artritis', 'problema cardíaco', 'presión alta', 'asma', 'inflamación', 'cáncer']","['pérdida de apetito', 'dolor torácico', 'dificultad para respirar', 'visión borrosa', 'tos', 'vómitos']"
D0489,Cistitis aguda,Enfermedades renales y urinarias,"['problema digestivo', 'problema cardíaco', 'ataque al corazón', 'depresión', 'asma', 'dolor']","['visión borrosa', 'tos', 'pérdida de peso', 'fiebre', 'dolor torácico', 'dolor de cabeza']"
D0490,Pielonefritis crónica,Enfermedades renales y urinarias,"['dolor', 'diabetes', 'hipotiroidismo', 'alergia', 'eczema', 'presión alta']","['dolor de cabeza', 'vómitos', 'náuseas', 'pérdida de peso', 'pérdida de memoria', 'problemas para dormir']"
D0491,Carcinoma ductal infiltrante de mama,Cáncer y neoplasias,"['cáncer', 'colesterol', 'ictus', 'eczema', 'epilepsia', 'azúcar en sangre']","['náuseas', 'dolor abdominal', 'vómitos', 'dificultad para respirar', 'dolor de cabeza', 'mareos']"
D0492,Cáncer de próstata avanzado,Cáncer y neoplasias,"['problema cardíaco', 'depresión', 'colesterol', 'inflamación', 'asma', 'diabetes']","['mareos', 'pérdida de peso', 'fatiga', 'visión borrosa', 'problemas para dormir', 'pérdida de apetito']"
D0493,Adenocarcinoma de pulmón,Cáncer y neoplasias,"['cáncer', 'dolor', 'inflamación', 'infección', 'presión alta', 'hipotiroidismo']","['dolor de cabeza', 'fiebre', 'náuseas', 'pérdida de peso', 'visión borrosa', 'vómitos']"
D0494,Leucemia linfoblástica aguda,Cáncer y neoplasias,"['epilepsia', 'inflamación', 'presión alta', 'azúcar en sangre', 'alergia', 'depresión']","['diarrea', 'hinchazón', 'tos', 'náuseas', 'dolor abdominal', 'sangrado']"
D0495,Linfoma de Hodgkin,Cáncer y neoplasias,"['asma', 'epilepsia', 'inflamación', 'azúcar en sangre', 'dolor', 'alergia']","['hinchazón', 'dolor torácico', 'problemas para dormir', 'sangrado', 'confusión', 'pérdida de memoria']"
D0496,Melanoma maligno,Cáncer y neoplasias,"['depresión', 'problema cardíaco', 'epilepsia', 'hipotiroidismo', 'diabetes', 'cáncer']","['dificultad para respirar', 'problemas para dormir', 'tos', 'fatiga', 'pérdida de memoria', 'fiebre']"
D0497,Tumor cerebral tipo glioblastoma,Cáncer y neoplasias,"['diabetes', 'problema digestivo', 'cáncer', 'alergia', 'presión alta', 'problema cardíaco']","['hinchazón', 'vómitos', 'visión borrosa', 'dolor torácico', 'sangrado', 'problemas para dormir']"
D0498,Cáncer colorrectal metastásico,Cáncer y neoplasias,"['infección', 'problema cardíaco', 'azúcar en sangre', 'hipotiroidismo', 'epilepsia', 'alergia']","['hinchazón', 'sangrado', 'náuseas', 'dificultad para respirar', 'tos', 'pérdida de memoria']"
D0499,Cáncer de cuello uterino in situ,Cáncer y neoplasias,"['problema digestivo', 'ictus', 'colesterol', 'asma', 'presión alta', 'azúcar en sangre']","['pérdida de apetito', 'confusión', 'sangrado', 'hinchazón', 'fatiga', 'diarrea']"
D0500,Carcinoma hepatocelular,Cáncer y neoplasias,"['colesterol', 'problema cardíaco', 'artritis', 'diabetes', 'cáncer', 'asma']","['diarrea', 'dificultad para respirar', 'pérdida de apetito', 'dolor de cabeza', 'problemas para dormir', 'tos']"
D0501,Carcinoma ductal infiltrante de mama,Cáncer y neoplasias,"['eczema', 'ictus', 'ataque al corazón', 'alergia', 'problema digestivo', 'hipotiroidismo']","['problemas para dormir', 'confusión', 'dolor de cabeza', 'mareos', 'hinchazón', 'vómitos']"
D0502,Cáncer de próstata avanzado,Cáncer y neoplasias,"['hipotiroidismo', 'artritis', 'ansiedad', 'ictus', 'alergia', 'azúcar en sangre']","['tos', 'problemas para dormir', 'pérdida de peso', 'dificultad para respirar', 'diarrea', 'confusión']"
D0503,Adenocarcinoma de pulmón,Cáncer y neoplasias,"['artritis', 'problema cardíaco', 'alergia', 'presión alta', 'colesterol', 'epilepsia']","['vómitos', 'dificultad para respirar', 'tos', 'náuseas', 'mareos', 'sangrado']"
D0504,Leucemia linfoblástica aguda,Cáncer y neoplasias,"['artritis', 'infección', 'azúcar en sangre', 'ataque al corazón', 'presión alta', 'dolor']","['fatiga', 'problemas para dormir', 'sangrado', 'diarrea', 'vómitos', 'confusión']"
D0505,Linfoma de Hodgkin,Cáncer y neoplasias,"['problema digestivo', 'azúcar en sangre', 'dolor', 'colesterol', 'epilepsia', 'inflamación']","['pérdida de peso', 'dolor torácico', 'mareos', 'sangrado', 'náuseas', 'confusión']"
D0506,Melanoma maligno,Cáncer y neoplasias,"['eczema', 'artritis', 'colesterol', 'ataque al corazón', 'cáncer', 'infección']","['sangrado', 'diarrea', 'dificultad para respirar', 'confusión', 'pérdida de memoria', 'náuseas']"
D0507,Tumor cerebral tipo glioblastoma,Cáncer y neoplasias,"['problema digestivo', 'problema cardíaco', 'ictus', 'depresión', 'eczema', 'infección']","['tos', 'dolor torácico', 'pérdida de peso', 'diarrea', 'hinchazón', 'dolor de cabeza']"
D0508,Cáncer colorrectal metastásico,Cáncer y neoplasias,"['diabetes', 'eczema', 'asma', 'problema cardíaco', 'cáncer', 'azúcar en sangre']","['problemas para dormir', 'pérdida de apetito', 'dolor torácico', 'hinchazón', 'diarrea', 'pérdida de peso']"
D0509,Cáncer de cuello uterino in situ,Cáncer y neoplasias,"['problema cardíaco', 'diabetes', 'infección', 'dolor', 'hipotiroidismo', 'cáncer']","['visión borrosa', 'fiebre', 'fatiga', 'vómitos', 'dificultad para respirar', 'dolor torácico']"
D0510,Carcinoma hepatocelular,Cáncer y neoplasias,"['presión alta', 'dolor', 'asma', 'epilepsia', 'depresión', 'colesterol']","['pérdida de memoria', 'tos', 'dolor torácico', 'sangrado', 'fatiga', 'fiebre']"
D0511,Carcinoma ductal infiltrante de mama,Cáncer y neoplasias,"['hipotiroidismo', 'asma', 'azúcar en sangre', 'alergia', 'infección', 'ansiedad']","['diarrea', 'dolor abdominal', 'vómitos', 'sangrado', 'problemas para dormir', 'dificultad para respirar']"
D0512,Cáncer de próstata avanzado,Cáncer y neoplasias,"['ataque al corazón', 'problema digestivo', 'presión alta', 'artritis', 'dolor', 'colesterol']","['mareos', 'náuseas', 'fiebre', 'sangrado', 'vómitos', 'pérdida de memoria']"
D0513,Adenocarcinoma de pulmón,Cáncer y neoplasias,"['inflamación', 'artritis', 'ictus', 'problema digestivo', 'infección', 'presión alta']","['pérdida de apetito', 'náuseas', 'fatiga', 'visión borrosa', 'dolor abdominal', 'dolor torácico']"
D0514,Leucemia linfoblástica aguda,Cáncer y neoplasias,"['problema cardíaco', 'alergia', 'diabetes', 'asma', 'problema digestivo', 'depresión']","['pérdida de apetito', 'problemas para dormir', 'tos', 'dolor de cabeza', 'visión borrosa', 'pérdida de peso']"
D0515,Linfoma de Hodgkin,Cáncer y neoplasias,"['ataque al corazón', 'depresión', 'problema digestivo', 'azúcar en sangre', 'presión alta', 'cáncer']","['dolor torácico', 'pérdida de apetito', 'dolor abdominal', 'mareos', 'náuseas', 'confusión']"
D0516,Melanoma maligno,Cáncer y neoplasias,"['problema cardíaco', 'epilepsia', 'cáncer', 'inflamación', 'ataque al corazón', 'eczema']","['confusión', 'problemas para dormir', 'fatiga', 'visión borrosa', 'mareos', 'hinchazón']"
D0517,Tumor cerebral tipo glioblastoma,Cáncer y neoplasias,"['cáncer', 'infección', 'colesterol', 'ataque al corazón', 'depresión', 'presión alta']","['pérdida de peso', 'fatiga', 'pérdida de memoria', 'mareos', 'sangrado', 'náuseas']"
D0518,Cáncer colorrectal metastásico,Cáncer y neoplasias,"['depresión', 'azúcar en sangre', 'alergia', 'epilepsia', 'infección', 'presión alta']","['pérdida de apetito', 'problemas para dormir', 'vómitos', 'dolor torácico', 'mareos', 'pérdida de peso']"
D0519,Cáncer de cuello uterino in situ,Cáncer y neoplasias,"['diabetes', 'eczema', 'asma', 'azúcar en sangre', 'cáncer', 'presión alta']","['mareos', 'confusión', 'dificultad para respirar', 'dolor de cabeza', 'pérdida de apetito', 'pérdida de memoria']"
D0520,Carcinoma hepatocelular,Cáncer y neoplasias,"['inflamación', 'epilepsia', 'dolor', 'problema digestivo', 'diabetes', 'presión alta']","['dolor de cabeza', 'pérdida de memoria', 'problemas para dormir', 'pérdida de apetito', 'sangrado', 'tos']"
D0521,Carcinoma ductal infiltrante de mama,Cáncer y neoplasias,"['asma', 'depresión', 'dolor', 'cáncer', 'eczema', 'hipotiroidismo']","['fatiga', 'dificultad para respirar', 'dolor abdominal', 'tos', 'pérdida de memoria', 'pérdida de peso']"
D0522,Cáncer de próstata avanzado,Cáncer y neoplasias,"['presión alta', 'ansiedad', 'artritis', 'epilepsia', 'hipotiroidismo', 'asma']","['dolor torácico', 'visión borrosa', 'fatiga', 'dolor de cabeza', 'náuseas', 'pérdida de apetito']"
D0523,Adenocarcinoma de pulmón,Cáncer y neoplasias,"['ataque al corazón', 'presión alta', 'depresión', 'hipotiroidismo', 'eczema', 'cáncer']","['sangrado', 'pérdida de apetito', 'tos', 'fiebre', 'dolor abdominal', 'pérdida de peso']"
D0524,Leucemia linfoblástica aguda,Cáncer y neoplasias,"['azúcar en sangre', 'infección', 'asma', 'ansiedad', 'eczema', 'ictus']","['dolor de cabeza', 'tos', 'fiebre', 'diarrea', 'mareos', 'hinchazón']"
D0525,Linfoma de Hodgkin,Cáncer y neoplasias,"['ictus', 'hipotiroidismo', 'azúcar en sangre', 'alergia', 'presión alta', 'eczema']","['hinchazón', 'pérdida de peso', 'visión borrosa', 'confusión', 'sangrado', 'dolor torácico']"
D0526,Melanoma maligno,Cáncer y neoplasias,"['problema digestivo', 'alergia', 'colesterol', 'hipotiroidismo', 'depresión', 'diabetes']","['confusión', 'fatiga', 'pérdida de memoria', 'náuseas', 'dolor abdominal', 'dolor torácico']"
D0527,Tumor cerebral tipo glioblastoma,Cáncer y neoplasias,"['presión alta', 'azúcar en sangre', 'infección', 'colesterol', 'ictus', 'depresión']","['diarrea', 'pérdida de memoria', 'sangrado', 'mareos', 'hinchazón', 'confusión']"
D0528,Cáncer colorrectal metastásico,Cáncer y neoplasias,"['hipotiroidismo', 'ictus', 'alergia', 'colesterol', 'epilepsia', 'dolor']","['fatiga', 'problemas para dormir', 'diarrea', 'pérdida de apetito', 'hinchazón', 'vómitos']"
D0529,Cáncer de cuello uterino in situ,Cáncer y neoplasias,"['eczema', 'problema cardíaco', 'ictus', 'ataque al corazón', 'epilepsia', 'cáncer']","['confusión', 'dolor abdominal', 'visión borrosa', 'vómitos', 'náuseas', 'fatiga']"
D0530,Carcinoma hepatocelular,Cáncer y neoplasias,"['problema cardíaco', 'problema digestivo', 'azúcar en sangre', 'alergia', 'eczema', 'dolor']","['sangrado', 'dificultad para respirar', 'mareos', 'dolor abdominal', 'confusión', 'vómitos']"
D0531,Carcinoma ductal infiltrante de mama,Cáncer y neoplasias,"['ansiedad', 'eczema', 'dolor', 'ictus', 'epilepsia', 'asma']","['tos', 'pérdida de peso', 'hinchazón', 'fiebre', 'diarrea', 'náuseas']"
D0532,Cáncer de próstata avanzado,Cáncer y neoplasias,"['artritis', 'eczema', 'colesterol', 'problema digestivo', 'ataque al corazón', 'asma']","['dolor abdominal', 'fiebre', 'dificultad para respirar', 'confusión', 'fatiga', 'pérdida de memoria']"
D0533,Adenocarcinoma de pulmón,Cáncer y neoplasias,"['infección', 'alergia', 'artritis', 'eczema', 'ansiedad', 'presión alta']","['náuseas', 'visión borrosa', 'vómitos', 'pérdida de memoria', 'confusión', 'tos']"
D0534,Leucemia linfoblástica aguda,Cáncer y neoplasias,"['ansiedad', 'dolor', 'infección', 'problema digestivo', 'ictus', 'colesterol']","['dolor abdominal', 'diarrea', 'sangrado', 'fatiga', 'dolor de cabeza', 'náuseas']"
D0535,Linfoma de Hodgkin,Cáncer y neoplasias,"['infección', 'ataque al corazón', 'diabetes', 'azúcar en sangre', 'eczema', 'dolor']","['vómitos', 'tos', 'diarrea', 'dificultad para respirar', 'pérdida de memoria', 'náuseas']"
D0536,Melanoma maligno,Cáncer y neoplasias,"['eczema', 'diabetes', 'problema digestivo', 'dolor', 'cáncer', 'epilepsia']","['dolor torácico', 'tos', 'fatiga', 'pérdida de peso', 'hinchazón', 'diarrea']"
D0537,Tumor cerebral tipo glioblastoma,Cáncer y neoplasias,"['depresión', 'epilepsia', 'asma', 'eczema', 'colesterol', 'problema digestivo']","['sangrado', 'pérdida de apetito', 'tos', 'diarrea', 'pérdida de peso', 'pérdida de memoria']"
D0538,Cáncer colorrectal metastásico,Cáncer y neoplasias,"['problema cardíaco', 'colesterol', 'artritis', 'eczema', 'ansiedad', 'depresión']","['vómitos', 'dolor torácico', 'fatiga', 'náuseas', 'pérdida de peso', 'tos']"
D0539,Cáncer de cuello uterino in situ,Cáncer y neoplasias,"['asma', 'diabetes', 'artritis', 'infección', 'problema cardíaco', 'ictus']","['hinchazón', 'dolor torácico', 'náuseas', 'mareos', 'problemas para dormir', 'tos']"
D0540,Carcinoma hepatocelular,Cáncer y neoplasias,"['eczema', 'colesterol', 'inflamación', 'artritis', 'problema digestivo', 'ansiedad']","['fatiga', 'tos', 'sangrado', 'mareos', 'pérdida de memoria', 'confusión']"
D0541,Catarata nuclear,Enfermedades oftalmológicas,"['ataque al corazón', 'problema digestivo', 'hipotiroidismo', 'inflamación', 'eczema', 'diabetes']","['dolor de cabeza', 'pérdida de memoria', 'hinchazón', 'pérdida de peso', 'fatiga', 'náuseas']"
D0542,Glaucoma de ángulo abierto,Enfermedades oftalmológicas,"['azúcar en sangre', 'epilepsia', 'problema cardíaco', 'presión alta', 'inflamación', 'cáncer']","['dificultad para respirar', 'dolor de cabeza', 'fatiga', 'confusión', 'sangrado', 'problemas para dormir']"
D0543,Degeneración macular seca,Enfermedades oftalmológicas,"['inflamación', 'depresión', 'ictus', 'ataque al corazón', 'eczema', 'epilepsia']","['diarrea', 'dolor abdominal', 'dificultad para respirar', 'pérdida de memoria', 'fatiga', 'problemas para dormir']"
D0544,Conjuntivitis bacteriana,Enfermedades oftalmológicas,"['asma', 'ansiedad', 'epilepsia', 'diabetes', 'hipotiroidismo', 'alergia']","['dolor de cabeza', 'diarrea', 'dolor torácico', 'sangrado', 'tos', 'dificultad para respirar']"
D0545,Uveítis anterior,Enfermedades oftalmológicas,"['eczema', 'ansiedad', 'epilepsia', 'problema digestivo', 'cáncer', 'infección']","['pérdida de apetito', 'diarrea', 'sangrado', 'tos', 'confusión', 'náuseas']"
D0546,Retinopatía diabética no proliferativa,Enfermedades oftalmológicas,"['eczema', 'colesterol', 'ataque al corazón', 'infección', 'asma', 'depresión']","['pérdida de peso', 'dificultad para respirar', 'dolor de cabeza', 'hinchazón', 'mareos', 'pérdida de apetito']"
D0547,Desprendimiento de retina,Enfermedades oftalmológicas,"['cáncer', 'presión alta', 'asma', 'ataque al corazón', 'ictus', 'alergia']","['hinchazón', 'visión borrosa', 'dolor abdominal', 'problemas para dormir', 'tos', 'pérdida de memoria']"
D0548,Catarata nuclear,Enfermedades oftalmológicas,"['azúcar en sangre', 'asma', 'problema cardíaco', 'hipotiroidismo', 'ataque al corazón', 'infección']","['dolor de cabeza', 'náuseas', 'fatiga', 'diarrea', 'problemas para dormir', 'dificultad para respirar']"
D0549,Glaucoma de ángulo abierto,Enfermedades oftalmológicas,"['problema cardíaco', 'ataque al corazón', 'dolor', 'inflamación', 'ictus', 'ansiedad']","['pérdida de memoria', 'vómitos', 'pérdida de apetito', 'tos', 'confusión', 'problemas para dormir']"
D0550,Degeneración macular seca,Enfermedades oftalmológicas,"['depresión', 'dolor', 'asma', 'inflamación', 'cáncer', 'azúcar en sangre']","['mareos', 'problemas para dormir', 'confusión', 'visión borrosa', 'sangrado', 'pérdida de memoria']"
D0551,Conjuntivitis bacteriana,Enfermedades oftalmológicas,"['asma', 'hipotiroidismo', 'ictus', 'infección', 'azúcar en sangre', 'eczema']","['diarrea', 'sangrado', 'dolor de cabeza', 'náuseas', 'tos', 'hinchazón']"
D0552,Uveítis anterior,Enfermedades oftalmológicas,"['colesterol', 'infección', 'diabetes', 'ansiedad', 'ataque al corazón', 'azúcar en sangre']","['pérdida de apetito', 'confusión', 'náuseas', 'dolor torácico', 'diarrea', 'mareos']"
D0553,Retinopatía diabética no proliferativa,Enfermedades oftalmológicas,"['ataque al corazón', 'dolor', 'eczema', 'colesterol', 'diabetes', 'azúcar en sangre']","['dificultad para respirar', 'pérdida de memoria', 'pérdida de apetito', 'sangrado', 'visión borrosa', 'dolor abdominal']"
D0554,Desprendimiento de retina,Enfermedades oftalmológicas,"['asma', 'ansiedad', 'diabetes', 'dolor', 'inflamación', 'ictus']","['dificultad para respirar', 'confusión', 'tos', 'dolor de cabeza', 'dolor abdominal', 'vómitos']"
D0555,Catarata nuclear,Enfermedades oftalmológicas,"['epilepsia', 'hipotiroidismo', 'problema digestivo', 'ictus', 'cáncer', 'problema cardíaco']","['dificultad para respirar', 'diarrea', 'pérdida de apetito', 'mareos', 'dolor torácico', 'fatiga']"
D0556,Glaucoma de ángulo abierto,Enfermedades oftalmológicas,"['dolor', 'eczema', 'problema digestivo', 'asma', 'cáncer', 'artritis']","['vómitos', 'hinchazón', 'fiebre', 'diarrea', 'dificultad para respirar', 'pérdida de apetito']"
D0557,Degeneración macular seca,Enfermedades oftalmológicas,"['diabetes', 'ansiedad', 'dolor', 'cáncer', 'colesterol', 'epilepsia']","['vómitos', 'dolor de cabeza', 'visión borrosa', 'dolor abdominal', 'problemas para dormir', 'hinchazón']"
D0558,Conjuntivitis bacteriana,Enfermedades oftalmológicas,"['cáncer', 'problema cardíaco', 'epilepsia', 'depresión', 'alergia', 'asma']","['mareos', 'fiebre', 'sangrado', 'vómitos', 'confusión', 'dolor abdominal']"
D0559,Uveítis anterior,Enfermedades oftalmológicas,"['dolor', 'hipotiroidismo', 'inflamación', 'infección', 'ansiedad', 'colesterol']","['pérdida de memoria', 'náuseas', 'pérdida de apetito', 'sangrado', 'tos', 'fatiga']"
D0560,Retinopatía diabética no proliferativa,Enfermedades oftalmológicas,"['colesterol', 'ictus', 'diabetes', 'hipotiroidismo', 'azúcar en sangre', 'problema cardíaco']","['dolor torácico', 'dolor de cabeza', 'náuseas', 'dolor abdominal', 'hinchazón', 'diarrea']"
D0561,Desprendimiento de retina,Enfermedades oftalmológicas,"['cáncer', 'azúcar en sangre', 'epilepsia', 'presión alta', 'ictus', 'artritis']","['tos', 'confusión', 'diarrea', 'mareos', 'hinchazón', 'dolor de cabeza']"
D0562,Catarata nuclear,Enfermedades oftalmológicas,"['ictus', 'colesterol', 'diabetes', 'dolor', 'artritis', 'infección']","['pérdida de apetito', 'náuseas', 'dolor abdominal', 'pérdida de peso', 'problemas para dormir', 'fiebre']"
D0563,Glaucoma de ángulo abierto,Enfermedades oftalmológicas,"['asma', 'diabetes', 'azúcar en sangre', 'epilepsia', 'infección', 'cáncer']","['dolor abdominal', 'pérdida de apetito', 'dolor torácico', 'tos', 'náuseas', 'sangrado']"
D0564,Degeneración macular seca,Enfermedades oftalmológicas,"['ansiedad', 'ictus', 'inflamación', 'problema digestivo', 'azúcar en sangre', 'artritis']","['fatiga', 'dolor de cabeza', 'fiebre', 'hinchazón', 'dolor abdominal', 'dolor torácico']"
D0565,Conjuntivitis bacteriana,Enfermedades oftalmológicas,"['ictus', 'hipotiroidismo', 'presión alta', 'problema cardíaco', 'eczema', 'ataque al corazón']","['visión borrosa', 'dolor abdominal', 'fiebre', 'pérdida de peso', 'sangrado', 'tos']"
D0566,Uveítis anterior,Enfermedades oftalmológicas,"['cáncer', 'ansiedad', 'inflamación', 'asma', 'presión alta', 'dolor']","['hinchazón', 'visión borrosa', 'sangrado', 'problemas para dormir', 'dificultad para respirar', 'dolor torácico']"
D0567,Retinopatía diabética no proliferativa,Enfermedades oftalmológicas,"['alergia', 'presión alta', 'asma', 'depresión', 'ansiedad', 'dolor']","['dolor torácico', 'dolor abdominal', 'tos', 'visión borrosa', 'vómitos', 'dificultad para respirar']"
D0568,Desprendimiento de retina,Enfermedades oftalmológicas,"['depresión', 'diabetes', 'dolor', 'problema cardíaco', 'artritis', 'epilepsia']","['vómitos', 'dolor de cabeza', 'dolor abdominal', 'fatiga', 'pérdida de apetito', 'dolor torácico']"
D0569,Catarata nuclear,Enfermedades oftalmológicas,"['asma', 'infección', 'cáncer', 'artritis', 'eczema', 'inflamación']","['náuseas', 'dificultad para respirar', 'sangrado', 'dolor de cabeza', 'vómitos', 'dolor abdominal']"
D0570,Glaucoma de ángulo abierto,Enfermedades oftalmológicas,"['infección', 'cáncer', 'epilepsia', 'dolor', 'inflamación', 'depresión']","['pérdida de apetito', 'visión borrosa', 'diarrea', 'dolor torácico', 'dolor abdominal', 'problemas para dormir']"
D0571,Otitis media aguda,Enfermedades otorrinolaringológicas,"['diabetes', 'problema cardíaco', 'epilepsia', 'ictus', 'ataque al corazón', 'problema digestivo']","['sangrado', 'dolor abdominal', 'dificultad para respirar', 'pérdida de peso', 'vómitos', 'pérdida de apetito']"
D0572,Rinitis alérgica estacional,Enfermedades otorrinolaringológicas,"['hipotiroidismo', 'inflamación', 'eczema', 'problema digestivo', 'artritis', 'asma']","['sangrado', 'problemas para dormir', 'pérdida de peso', 'fatiga', 'hinchazón', 'mareos']"
D0573,Amigdalitis bacteriana,Enfermedades otorrinolaringológicas,"['artritis', 'diabetes', 'azúcar en sangre', 'ansiedad', 'presión alta', 'eczema']","['sangrado', 'dificultad para respirar', 'dolor torácico', 'pérdida de apetito', 'visión borrosa', 'pérdida de peso']"
D0574,Sinusitis maxilar crónica,Enfermedades otorrinolaringológicas,"['presión alta', 'asma', 'ansiedad', 'problema digestivo', 'epilepsia', 'ataque al corazón']","['sangrado', 'fatiga', 'pérdida de peso', 'fiebre', 'visión borrosa', 'dolor abdominal']"
D0575,Hipoacusia neurosensorial bilateral,Enfermedades otorrinolaringológicas,"['problema cardíaco', 'presión alta', 'artritis', 'azúcar en sangre', 'asma', 'cáncer']","['diarrea', 'pérdida de peso', 'hinchazón', 'problemas para dormir', 'náuseas', 'dificultad para respirar']"
D0576,Vértigo posicional paroxístico benigno,Enfermedades otorrinolaringológicas,"['infección', 'artritis', 'inflamación', 'ataque al corazón', 'cáncer', 'epilepsia']","['pérdida de peso', 'fatiga', 'confusión', 'problemas para dormir', 'diarrea', 'mareos']"
D0577,Laringitis viral,Enfermedades otorrinolaringológicas,"['problema cardíaco', 'artritis', 'epilepsia', 'ataque al corazón', 'dolor', 'ansiedad']","['fiebre', 'pérdida de peso', 'tos', 'dolor abdominal', 'dolor de cabeza', 'fatiga']"
D0578,Otitis media aguda,Enfermedades otorrinolaringológicas,"['ictus', 'epilepsia', 'colesterol', 'depresión', 'problema cardíaco', 'presión alta']","['tos', 'dificultad para respirar', 'dolor de cabeza', 'visión borrosa', 'dolor torácico', 'fiebre']"
D0579,Rinitis alérgica estacional,Enfermedades otorrinolaringológicas,"['problema digestivo', 'azúcar en sangre', 'asma', 'infección', 'depresión', 'diabetes']","['fiebre', 'tos', 'pérdida de memoria', 'pérdida de peso', 'mareos', 'problemas para dormir']"
D0580,Amigdalitis bacteriana,Enfermedades otorrinolaringológicas,"['inflamación', 'presión alta', 'ataque al corazón', 'cáncer', 'alergia', 'ansiedad']","['hinchazón', 'confusión', 'diarrea', 'fatiga', 'dolor abdominal', 'mareos']"
D0581,Sinusitis maxilar crónica,Enfermedades otorrinolaringológicas,"['infección', 'azúcar en sangre', 'ataque al corazón', 'cáncer', 'epilepsia', 'alergia']","['visión borrosa', 'pérdida de apetito', 'fiebre', 'vómitos', 'pérdida de memoria', 'hinchazón']"
D0582,Hipoacusia neurosensorial bilateral,Enfermedades otorrinolaringológicas,"['cáncer', 'ictus', 'hipotiroidismo', 'infección', 'problema digestivo', 'azúcar en sangre']","['fiebre', 'confusión', 'pérdida de memoria', 'pérdida de peso', 'vómitos', 'pérdida de apetito']"
D0583,Vértigo posicional paroxístico benigno,Enfermedades otorrinolaringológicas,"['ataque al corazón', 'artritis', 'colesterol', 'diabetes', 'presión alta', 'eczema']","['dolor de cabeza', 'fatiga', 'problemas para dormir', 'pérdida de apetito', 'náuseas', 'visión borrosa']"
D0584,Laringitis viral,Enfermedades otorrinolaringológicas,"['ataque al corazón', 'alergia', 'eczema', 'epilepsia', 'presión alta', 'dolor']","['mareos', 'diarrea', 'dolor de cabeza', 'hinchazón', 'sangrado', 'fatiga']"
D0585,Otitis media aguda,Enfermedades otorrinolaringológicas,"['ataque al corazón', 'ansiedad', 'cáncer', 'alergia', 'depresión', 'problema digestivo']","['confusión', 'dolor de cabeza', 'sangrado', 'diarrea', 'dolor abdominal', 'visión borrosa']"
D0586,Rinitis alérgica estacional,Enfermedades otorrinolaringológicas,"['asma', 'problema digestivo', 'inflamación', 'dolor', 'cáncer', 'eczema']","['mareos', 'náuseas', 'pérdida de peso', 'dolor torácico', 'fatiga', 'sangrado']"
D0587,Amigdalitis bacteriana,Enfermedades otorrinolaringológicas,"['ictus', 'infección', 'diabetes', 'problema digestivo', 'asma', 'dolor']","['dolor torácico', 'sangrado', 'pérdida de apetito', 'problemas para dormir', 'pérdida de memoria', 'visión borrosa']"
D0588,Sinusitis maxilar crónica,Enfermedades otorrinolaringológicas,"['alergia', 'artritis', 'ansiedad', 'epilepsia', 'dolor', 'cáncer']","['náuseas', 'mareos', 'pérdida de peso', 'tos', 'pérdida de apetito', 'dolor de cabeza']"
D0589,Hipoacusia neurosensorial bilateral,Enfermedades otorrinolaringológicas,"['diabetes', 'azúcar en sangre', 'hipotiroidismo', 'presión alta', 'problema digestivo', 'ataque al corazón']","['tos', 'dolor de cabeza', 'diarrea', 'sangrado', 'hinchazón', 'pérdida de apetito']"
D0590,Vértigo posicional paroxístico benigno,Enfermedades otorrinolaringológicas,"['inflamación', 'infección', 'depresión', 'asma', 'artritis', 'problema digestivo']","['mareos', 'tos', 'dolor de cabeza', 'pérdida de memoria', 'vómitos', 'dolor torácico']"
D0591,Laringitis viral,Enfermedades otorrinolaringológicas,"['problema digestivo', 'cáncer', 'ansiedad', 'infección', 'epilepsia', 'problema cardíaco']","['pérdida de memoria', 'mareos', 'visión borrosa', 'dificultad para respirar', 'diarrea', 'confusión']"
D0592,Otitis media aguda,Enfermedades otorrinolaringológicas,"['alergia', 'diabetes', 'problema digestivo', 'artritis', 'problema cardíaco', 'epilepsia']","['sangrado', 'visión borrosa', 'pérdida de apetito', 'pérdida de memoria', 'diarrea', 'dolor de cabeza']"
D0593,Rinitis alérgica estacional,Enfermedades otorrinolaringológicas,"['eczema', 'colesterol', 'problema digestivo', 'ataque al corazón', 'alergia', 'ansiedad']","['sangrado', 'confusión', 'tos', 'pérdida de peso', 'fatiga', 'náuseas']"
D0594,Amigdalitis bacteriana,Enfermedades otorrinolaringológicas,"['problema digestivo', 'infección', 'epilepsia', 'alergia', 'inflamación', 'hipotiroidismo']","['fiebre', 'dolor abdominal', 'visión borrosa', 'dolor torácico', 'dolor de cabeza', 'náuseas']"
D0595,Sinusitis maxilar crónica,Enfermedades otorrinolaringológicas,"['depresión', 'infección', 'diabetes', 'presión alta', 'eczema', 'colesterol']","['dificultad para respirar', 'fatiga', 'pérdida de apetito', 'vómitos', 'mareos', 'diarrea']"
D0596,Hipoacusia neurosensorial bilateral,Enfermedades otorrinolaringológicas,"['cáncer', 'infección', 'epilepsia', 'ataque al corazón', 'problema digestivo', 'presión alta']","['confusión', 'tos', 'dolor abdominal', 'pérdida de memoria', 'vómitos', 'pérdida de peso']"
D0597,Vértigo posicional paroxístico benigno,Enfermedades otorrinolaringológicas,"['inflamación', 'epilepsia', 'cáncer', 'dolor', 'diabetes', 'problema digestivo']","['problemas para dormir', 'dificultad para respirar', 'vómitos', 'sangrado', 'dolor torácico', 'pérdida de peso']"
D0598,Laringitis viral,Enfermedades otorrinolaringológicas,"['eczema', 'infección', 'epilepsia', 'presión alta', 'problema digestivo', 'diabetes']","['sangrado', 'diarrea', 'confusión', 'tos', 'fiebre', 'pérdida de memoria']"
D0599,Otitis media aguda,Enfermedades otorrinolaringológicas,"['diabetes', 'depresión', 'presión alta', 'ansiedad', 'problema digestivo', 'artritis']","['fiebre', 'vómitos', 'visión borrosa', 'pérdida de peso', 'diarrea', 'confusión']"
D0600,Rinitis alérgica estacional,Enfermedades otorrinolaringológicas,"['infección', 'alergia', 'artritis', 'epilepsia', 'eczema', 'depresión']","['pérdida de apetito', 'visión borrosa', 'pérdida de memoria', 'confusión', 'dolor abdominal', 'fatiga']"
D0601,Anemia ferropénica severa,Enfermedades hematológicas,"['inflamación', 'depresión', 'dolor', 'diabetes', 'problema digestivo', 'artritis']","['pérdida de memoria', 'mareos', 'pérdida de peso', 'sangrado', 'dolor de cabeza', 'problemas para dormir']"
D0602,Talasemia mayor,Enfermedades hematológicas,"['inflamación', 'ansiedad', 'asma', 'diabetes', 'cáncer', 'infección']","['mareos', 'sangrado', 'fatiga', 'dolor torácico', 'vómitos', 'tos']"
D0603,Linfoma no Hodgkin,Enfermedades hematológicas,"['ataque al corazón', 'inflamación', 'diabetes', 'epilepsia', 'dolor', 'infección']","['hinchazón', 'dolor abdominal', 'dolor torácico', 'fatiga', 'confusión', 'náuseas']"
D0604,Mieloma múltiple,Enfermedades hematológicas,"['diabetes', 'epilepsia', 'ansiedad', 'presión alta', 'cáncer', 'hipotiroidismo']","['problemas para dormir', 'dolor abdominal', 'tos', 'fiebre', 'visión borrosa', 'diarrea']"
D0605,Trombocitopenia inmune,Enfermedades hematológicas,"['hipotiroidismo', 'eczema', 'dolor', 'problema cardíaco', 'ansiedad', 'ataque al corazón']","['pérdida de peso', 'dolor abdominal', 'dolor torácico', 'diarrea', 'náuseas', 'confusión']"
D0606,Hemofilia A moderada,Enfermedades hematológicas,"['diabetes', 'hipotiroidismo', 'depresión', 'ansiedad', 'infección', 'problema cardíaco']","['visión borrosa', 'diarrea', 'sangrado', 'pérdida de peso', 'dolor de cabeza', 'vómitos']"
D0607,Síndrome mielodisplásico,Enfermedades hematológicas,"['inflamación', 'ictus', 'presión alta', 'ataque al corazón', 'depresión', 'artritis']","['dolor de cabeza', 'hinchazón', 'fiebre', 'fatiga', 'diarrea', 'náuseas']"
D0608,Anemia ferropénica severa,Enfermedades hematológicas,"['azúcar en sangre', 'depresión', 'inflamación', 'ataque al corazón', 'hipotiroidismo', 'asma']","['dolor abdominal', 'confusión', 'fatiga', 'problemas para dormir', 'fiebre', 'dificultad para respirar']"
D0609,Talasemia mayor,Enfermedades hematológicas,"['colesterol', 'alergia', 'cáncer', 'ansiedad', 'infección', 'inflamación']","['confusión', 'problemas para dormir', 'pérdida de peso', 'náuseas', 'dolor torácico', 'vómitos']"
D0610,Linfoma no Hodgkin,Enfermedades hematológicas,"['ataque al corazón', 'colesterol', 'cáncer', 'alergia', 'depresión', 'azúcar en sangre']","['vómitos', 'confusión', 'dolor torácico', 'dificultad para respirar', 'pérdida de apetito', 'pérdida de peso']"
D0611,Mieloma múltiple,Enfermedades hematológicas,"['depresión', 'artritis', 'ictus', 'hipotiroidismo', 'inflamación', 'problema digestivo']","['confusión', 'dolor abdominal', 'visión borrosa', 'dolor torácico', 'pérdida de memoria', 'dificultad para respirar']"
D0612,Trombocitopenia inmune,Enfermedades hematológicas,"['cáncer', 'alergia', 'infección', 'depresión', 'colesterol', 'artritis']","['tos', 'pérdida de apetito', 'dificultad para respirar', 'problemas para dormir', 'fatiga', 'pérdida de peso']"
D0613,Hemofilia A moderada,Enfermedades hematológicas,"['epilepsia', 'infección', 'colesterol', 'eczema', 'depresión', 'asma']","['pérdida de peso', 'problemas para dormir', 'dolor abdominal', 'fiebre', 'pérdida de memoria', 'mareos']"
D0614,Síndrome mielodisplásico,Enfermedades hematológicas,"['epilepsia', 'infección', 'azúcar en sangre', 'problema digestivo', 'artritis', 'inflamación']","['dolor de cabeza', 'pérdida de apetito', 'mareos', 'pérdida de memoria', 'fatiga', 'diarrea']"
D0615,Anemia ferropénica severa,Enfermedades hematológicas,"['artritis', 'ictus', 'epilepsia', 'infección', 'azúcar en sangre', 'eczema']","['visión borrosa', 'vómitos', 'mareos', 'pérdida de apetito', 'pérdida de memoria', 'confusión']"
D0616,Talasemia mayor,Enfermedades hematológicas,"['azúcar en sangre', 'ictus', 'problema cardíaco', 'cáncer', 'infección', 'artritis']","['visión borrosa', 'dificultad para respirar', 'problemas para dormir', 'dolor de cabeza', 'pérdida de memoria', 'confusión']"
D0617,Linfoma no Hodgkin,Enfermedades hematológicas,"['ansiedad', 'hipotiroidismo', 'inflamación', 'azúcar en sangre', 'artritis', 'cáncer']","['sangrado', 'problemas para dormir', 'náuseas', 'visión borrosa', 'pérdida de apetito', 'hinchazón']"
D0618,Mieloma múltiple,Enfermedades hematológicas,"['problema digestivo', 'epilepsia', 'cáncer', 'ictus', 'presión alta', 'colesterol']","['hinchazón', 'fatiga', 'sangrado', 'dolor torácico', 'pérdida de peso', 'tos']"
D0619,Trombocitopenia inmune,Enfermedades hematológicas,"['colesterol', 'epilepsia', 'hipotiroidismo', 'dolor', 'azúcar en sangre', 'infección']","['dolor abdominal', 'problemas para dormir', 'fiebre', 'sangrado', 'tos', 'dolor de cabeza']"
D0620,Hemofilia A moderada,Enfermedades hematológicas,"['cáncer', 'presión alta', 'dolor', 'depresión', 'eczema', 'epilepsia']","['dolor de cabeza', 'náuseas', 'dolor abdominal', 'visión borrosa', 'sangrado', 'fatiga']"
D0621,Síndrome mielodisplásico,Enfermedades hematológicas,"['diabetes', 'asma', 'presión alta', 'depresión', 'ictus', 'eczema']","['tos', 'dificultad para respirar', 'visión borrosa', 'diarrea', 'sangrado', 'fiebre']"
D0622,Anemia ferropénica severa,Enfermedades hematológicas,"['dolor', 'problema cardíaco', 'problema digestivo', 'depresión', 'ataque al corazón', 'eczema']","['pérdida de apetito', 'náuseas', 'fatiga', 'vómitos', 'fiebre', 'tos']"
D0623,Talasemia mayor,Enfermedades hematológicas,"['epilepsia', 'eczema', 'presión alta', 'depresión', 'alergia', 'asma']","['dolor torácico', 'problemas para dormir', 'pérdida de apetito', 'fiebre', 'náuseas', 'dolor abdominal']"
D0624,Linfoma no Hodgkin,Enfermedades hematológicas,"['artritis', 'ansiedad', 'diabetes', 'epilepsia', 'colesterol', 'presión alta']","['dolor de cabeza', 'mareos', 'dificultad para respirar', 'sangrado', 'visión borrosa', 'diarrea']"
D0625,Mieloma múltiple,Enfermedades hematológicas,"['dolor', 'cáncer', 'artritis', 'epilepsia', 'infección', 'problema cardíaco']","['sangrado', 'pérdida de peso', 'dolor de cabeza', 'visión borrosa', 'dificultad para respirar', 'mareos']"
D0626,Trombocitopenia inmune,Enfermedades hematológicas,"['diabetes', 'problema cardíaco', 'eczema', 'artritis', 'cáncer', 'depresión']","['confusión', 'fatiga', 'fiebre', 'pérdida de apetito', 'diarrea', 'dolor de cabeza']"
D0627,Hemofilia A moderada,Enfermedades hematológicas,"['problema cardíaco', 'problema digestivo', 'ictus', 'presión alta', 'alergia', 'asma']","['tos', 'pérdida de apetito', 'vómitos', 'hinchazón', 'visión borrosa', 'dificultad para respirar']"
D0628,Síndrome mielodisplásico,Enfermedades hematológicas,"['diabetes', 'epilepsia', 'ataque al corazón', 'hipotiroidismo', 'ictus', 'depresión']","['dolor de cabeza', 'sangrado', 'visión borrosa', 'mareos', 'confusión', 'dolor abdominal']"
D0629,Anemia ferropénica severa,Enfermedades hematológicas,"['artritis', 'ictus', 'infección', 'eczema', 'cáncer', 'hipotiroidismo']","['dificultad para respirar', 'dolor torácico', 'sangrado', 'fatiga', 'hinchazón', 'pérdida de memoria']"
D0630,Talasemia mayor,Enfermedades hematológicas,"['problema cardíaco', 'ansiedad', 'ataque al corazón', 'asma', 'dolor', 'depresión']","['pérdida de peso', 'confusión', 'pérdida de memoria', 'dolor abdominal', 'fatiga', 'dificultad para respirar']"
D0631,Varicela no complicada,Enfermedades pediátricas,"['epilepsia', 'infección', 'azúcar en sangre', 'depresión', 'presión alta', 'dolor']","['hinchazón', 'diarrea', 'dolor de cabeza', 'confusión', 'problemas para dormir', 'fatiga']"
D0632,Sarampión con complicaciones respiratorias,Enfermedades pediátricas,"['hipotiroidismo', 'diabetes', 'presión alta', 'dolor', 'problema digestivo', 'eczema']","['dolor de cabeza', 'problemas para dormir', 'diarrea', 'dolor abdominal', 'náuseas', 'confusión']"
D0633,Paperas bilaterales,Enfermedades pediátricas,"['problema cardíaco', 'alergia', 'ansiedad', 'hipotiroidismo', 'ataque al corazón', 'colesterol']","['dolor abdominal', 'visión borrosa', 'diarrea', 'hinchazón', 'mareos', 'tos']"
D0634,Bronquiolitis viral,Enfermedades pediátricas,"['ataque al corazón', 'ansiedad', 'alergia', 'artritis', 'ictus', 'inflamación']","['fiebre', 'hinchazón', 'visión borrosa', 'pérdida de apetito', 'confusión', 'problemas para dormir']"
D0635,Diarrea aguda por rotavirus,Enfermedades pediátricas,"['eczema', 'depresión', 'problema cardíaco', 'ictus', 'infección', 'alergia']","['pérdida de memoria', 'náuseas', 'fatiga', 'vómitos', 'fiebre', 'confusión']"
D0636,Dermatitis del pañal,Enfermedades pediátricas,"['artritis', 'alergia', 'hipotiroidismo', 'azúcar en sangre', 'ansiedad', 'problema digestivo']","['visión borrosa', 'diarrea', 'dificultad para respirar', 'sangrado', 'fatiga', 'hinchazón']"
D0637,Síndrome de Kawasaki,Enfermedades pediátricas,"['azúcar en sangre', 'problema cardíaco', 'inflamación', 'ictus', 'diabetes', 'hipotiroidismo']","['dolor de cabeza', 'pérdida de peso', 'pérdida de apetito', 'diarrea', 'dolor abdominal', 'dificultad para respirar']"
D0638,Varicela no complicada,Enfermedades pediátricas,"['hipotiroidismo', 'infección', 'inflamación', 'asma', 'ictus', 'dolor']","['dolor de cabeza', 'mareos', 'sangrado', 'pérdida de apetito', 'visión borrosa', 'dolor torácico']"
D0639,Sarampión con complicaciones respiratorias,Enfermedades pediátricas,"['eczema', 'azúcar en sangre', 'asma', 'depresión', 'cáncer', 'alergia']","['pérdida de apetito', 'dolor de cabeza', 'sangrado', 'náuseas', 'dolor abdominal', 'pérdida de peso']"
D0640,Paperas bilaterales,Enfermedades pediátricas,"['inflamación', 'colesterol', 'azúcar en sangre', 'dolor', 'ictus', 'alergia']","['tos', 'pérdida de peso', 'confusión', 'pérdida de memoria', 'náuseas', 'dolor torácico']"
D0641,Bronquiolitis viral,Enfermedades pediátricas,"['azúcar en sangre', 'diabetes', 'ictus', 'dolor', 'ansiedad', 'artritis']","['dolor de cabeza', 'fiebre', 'confusión', 'vómitos', 'problemas para dormir', 'pérdida de peso']"
D0642,Diarrea aguda por rotavirus,Enfermedades pediátricas,"['colesterol', 'problema digestivo', 'epilepsia', 'asma', 'inflamación', 'problema cardíaco']","['pérdida de apetito', 'dificultad para respirar', 'dolor de cabeza', 'sangrado', 'dolor torácico', 'fatiga']"
D0643,Dermatitis del pañal,Enfermedades pediátricas,"['artritis', 'epilepsia', 'ansiedad', 'inflamación', 'eczema', 'diabetes']","['náuseas', 'dolor abdominal', 'dolor de cabeza', 'tos', 'pérdida de memoria', 'dolor torácico']"
D0644,Síndrome de Kawasaki,Enfermedades pediátricas,"['dolor', 'ictus', 'artritis', 'problema digestivo', 'eczema', 'inflamación']","['pérdida de peso', 'diarrea', 'sangrado', 'pérdida de apetito', 'dolor torácico', 'vómitos']"
D0645,Varicela no complicada,Enfermedades pediátricas,"['depresión', 'artritis', 'problema cardíaco', 'alergia', 'epilepsia', 'colesterol']","['náuseas', 'dificultad para respirar', 'visión borrosa', 'dolor de cabeza', 'vómitos', 'hinchazón']"
D0646,Sarampión con complicaciones respiratorias,Enfermedades pediátricas,"['eczema', 'artritis', 'problema digestivo', 'depresión', 'ictus', 'dolor']","['dolor torácico', 'fiebre', 'dificultad para respirar', 'hinchazón', 'pérdida de memoria', 'tos']"
D0647,Paperas bilaterales,Enfermedades pediátricas,"['azúcar en sangre', 'diabetes', 'problema cardíaco', 'asma', 'dolor', 'presión alta']","['problemas para dormir', 'fiebre', 'visión borrosa', 'náuseas', 'pérdida de apetito', 'hinchazón']"
D0648,Bronquiolitis viral,Enfermedades pediátricas,"['epilepsia', 'ictus', 'presión alta', 'hipotiroidismo', 'alergia', 'ansiedad']","['pérdida de apetito', 'visión borrosa', 'diarrea', 'confusión', 'dificultad para respirar', 'fatiga']"
D0649,Diarrea aguda por rotavirus,Enfermedades pediátricas,"['asma', 'presión alta', 'ansiedad', 'azúcar en sangre', 'ataque al corazón', 'eczema']","['problemas para dormir', 'vómitos', 'pérdida de peso', 'pérdida de apetito', 'pérdida de memoria', 'diarrea']"
D0650,Dermatitis del pañal,Enfermedades pediátricas,"['presión alta', 'inflamación', 'eczema', 'dolor', 'problema cardíaco', 'ansiedad']","['fiebre', 'sangrado', 'pérdida de peso', 'náuseas', 'dificultad para respirar', 'dolor torácico']"
D0651,Síndrome de Kawasaki,Enfermedades pediátricas,"['diabetes', 'asma', 'presión alta', 'hipotiroidismo', 'ataque al corazón', 'depresión']","['tos', 'náuseas', 'dolor abdominal', 'confusión', 'hinchazón', 'sangrado']"
D0652,Varicela no complicada,Enfermedades pediátricas,"['diabetes', 'depresión', 'infección', 'alergia', 'ansiedad', 'ictus']","['vómitos', 'tos', 'dolor abdominal', 'sangrado', 'dolor torácico', 'confusión']"
D0653,Sarampión con complicaciones respiratorias,Enfermedades pediátricas,"['presión alta', 'alergia', 'eczema', 'inflamación', 'colesterol', 'depresión']","['náuseas', 'visión borrosa', 'problemas para dormir', 'fatiga', 'pérdida de apetito', 'sangrado']"
D0654,Paperas bilaterales,Enfermedades pediátricas,"['problema digestivo', 'ataque al corazón', 'eczema', 'inflamación', 'alergia', 'ansiedad']","['dolor de cabeza', 'fatiga', 'mareos', 'diarrea', 'fiebre', 'hinchazón']"
D0655,Bronquiolitis viral,Enfermedades pediátricas,"['ictus', 'epilepsia', 'hipotiroidismo', 'azúcar en sangre', 'eczema', 'depresión']","['pérdida de peso', 'hinchazón', 'pérdida de apetito', 'fatiga', 'tos', 'problemas para dormir']"
D0656,Diarrea aguda por rotavirus,Enfermedades pediátricas,"['cáncer', 'ataque al corazón', 'inflamación', 'problema digestivo', 'epilepsia', 'azúcar en sangre']","['dolor abdominal', 'náuseas', 'vómitos', 'fatiga', 'fiebre', 'pérdida de peso']"
D0657,Dermatitis del pañal,Enfermedades pediátricas,"['colesterol', 'dolor', 'azúcar en sangre', 'problema digestivo', 'ansiedad', 'inflamación']","['fiebre', 'pérdida de peso', 'dolor de cabeza', 'náuseas', 'vómitos', 'problemas para dormir']"
D0658,Síndrome de Kawasaki,Enfermedades pediátricas,"['colesterol', 'infección', 'artritis', 'alergia', 'presión alta', 'diabetes']","['visión borrosa', 'sangrado', 'pérdida de apetito', 'mareos', 'dolor de cabeza', 'confusión']"
D0659,Varicela no complicada,Enfermedades pediátricas,"['hipotiroidismo', 'dolor', 'depresión', 'presión alta', 'alergia', 'ataque al corazón']","['pérdida de apetito', 'hinchazón', 'tos', 'pérdida de peso', 'pérdida de memoria', 'vómitos']"
D0660,Sarampión con complicaciones respiratorias,Enfermedades pediátricas,"['artritis', 'problema cardíaco', 'epilepsia', 'inflamación', 'alergia', 'eczema']","['pérdida de memoria', 'mareos', 'sangrado', 'pérdida de peso', 'vómitos', 'hinchazón']"
D0661,Endometriosis ovárica,Enfermedades ginecológicas,"['ataque al corazón', 'epilepsia', 'asma', 'infección', 'artritis', 'alergia']","['dificultad para respirar', 'hinchazón', 'visión borrosa', 'dolor torácico', 'sangrado', 'dolor de cabeza']"
D0662,Síndrome de ovario poliquístico resistente a insulina,Enfermedades ginecológicas,"['depresión', 'presión alta', 'cáncer', 'ictus', 'ataque al corazón', 'ansiedad']","['fatiga', 'vómitos', 'pérdida de memoria', 'hinchazón', 'dolor de cabeza', 'sangrado']"
D0663,Miomas uterinos múltiples,Enfermedades ginecológicas,"['depresión', 'asma', 'epilepsia', 'ictus', 'ataque al corazón', 'eczema']","['problemas para dormir', 'dolor de cabeza', 'tos', 'náuseas', 'fatiga', 'vómitos']"
D0664,Cáncer de cuello uterino invasivo,Enfermedades ginecológicas,"['inflamación', 'azúcar en sangre', 'ataque al corazón', 'infección', 'presión alta', 'ansiedad']","['tos', 'dolor torácico', 'náuseas', 'mareos', 'visión borrosa', 'sangrado']"
D0665,Dismenorrea primaria,Enfermedades ginecológicas,"['eczema', 'cáncer', 'dolor', 'artritis', 'ansiedad', 'ictus']","['visión borrosa', 'pérdida de memoria', 'tos', 'fatiga', 'dolor abdominal', 'dolor de cabeza']"
D0666,Menopausia precoz,Enfermedades ginecológicas,"['problema digestivo', 'alergia', 'depresión', 'colesterol', 'ataque al corazón', 'eczema']","['fatiga', 'náuseas', 'dolor abdominal', 'diarrea', 'problemas para dormir', 'pérdida de peso']"
D0667,Quiste ovárico funcional,Enfermedades ginecológicas,"['diabetes', 'ataque al corazón', 'infección', 'epilepsia', 'azúcar en sangre', 'artritis']","['fatiga', 'confusión', 'hinchazón', 'problemas para dormir', 'mareos', 'pérdida de memoria']"
D0668,Endometriosis ovárica,Enfermedades ginecológicas,"['colesterol', 'infección', 'ictus', 'alergia', 'ataque al corazón', 'cáncer']","['sangrado', 'náuseas', 'problemas para dormir', 'dolor de cabeza', 'visión borrosa', 'confusión']"
D0669,Síndrome de ovario poliquístico resistente a insulina,Enfermedades ginecológicas,"['hipotiroidismo', 'cáncer', 'asma', 'alergia', 'colesterol', 'infección']","['dolor torácico', 'pérdida de peso', 'náuseas', 'dificultad para respirar', 'fiebre', 'problemas para dormir']"
D0670,Miomas uterinos múltiples,Enfermedades ginecológicas,"['cáncer', 'inflamación', 'problema digestivo', 'presión alta', 'azúcar en sangre', 'artritis']","['tos', 'pérdida de peso', 'dificultad para respirar', 'visión borrosa', 'problemas para dormir', 'pérdida de apetito']"
D0671,Cáncer de cuello uterino invasivo,Enfermedades ginecológicas,"['alergia', 'problema cardíaco', 'inflamación', 'asma', 'colesterol', 'ataque al corazón']","['pérdida de peso', 'sangrado', 'tos', 'dolor torácico', 'náuseas', 'dificultad para respirar']"
D0672,Dismenorrea primaria,Enfermedades ginecológicas,"['asma', 'epilepsia', 'artritis', 'alergia', 'cáncer', 'dolor']","['visión borrosa', 'confusión', 'hinchazón', 'sangrado', 'pérdida de memoria', 'problemas para dormir']"
D0673,Menopausia precoz,Enfermedades ginecológicas,"['azúcar en sangre', 'cáncer', 'epilepsia', 'dolor', 'hipotiroidismo', 'problema digestivo']","['dolor torácico', 'sangrado', 'diarrea', 'hinchazón', 'pérdida de apetito', 'fiebre']"
D0674,Quiste ovárico funcional,Enfermedades ginecológicas,"['ansiedad', 'epilepsia', 'eczema', 'ictus', 'artritis', 'depresión']","['vómitos', 'mareos', 'dolor abdominal', 'diarrea', 'pérdida de apetito', 'hinchazón']"
D0675,Endometriosis ovárica,Enfermedades ginecológicas,"['azúcar en sangre', 'artritis', 'alergia', 'infección', 'dolor', 'epilepsia']","['mareos', 'dolor torácico', 'fiebre', 'náuseas', 'pérdida de apetito', 'tos']"
D0676,Síndrome de ovario poliquístico resistente a insulina,Enfermedades ginecológicas,"['dolor', 'epilepsia', 'cáncer', 'azúcar en sangre', 'ansiedad', 'ictus']","['confusión', 'náuseas', 'dolor de cabeza', 'dificultad para respirar', 'hinchazón', 'sangrado']"
D0677,Miomas uterinos múltiples,Enfermedades ginecológicas,"['cáncer', 'epilepsia', 'ataque al corazón', 'colesterol', 'ictus', 'ansiedad']","['problemas para dormir', 'visión borrosa', 'mareos', 'fiebre', 'dificultad para respirar', 'tos']"
D0678,Cáncer de cuello uterino invasivo,Enfermedades ginecológicas,"['problema cardíaco', 'depresión', 'epilepsia', 'hipotiroidismo', 'eczema', 'colesterol']","['dolor torácico', 'dificultad para respirar', 'problemas para dormir', 'vómitos', 'sangrado', 'dolor abdominal']"
D0679,Dismenorrea primaria,Enfermedades ginecológicas,"['diabetes', 'inflamación', 'infección', 'epilepsia', 'asma', 'hipotiroidismo']","['hinchazón', 'tos', 'dolor abdominal', 'mareos', 'fatiga', 'visión borrosa']"
D0680,Menopausia precoz,Enfermedades ginecológicas,"['cáncer', 'asma', 'problema digestivo', 'ansiedad', 'eczema', 'infección']","['mareos', 'problemas para dormir', 'confusión', 'dificultad para respirar', 'sangrado', 'pérdida de memoria']"
D0681,Quiste ovárico funcional,Enfermedades ginecológicas,"['ansiedad', 'eczema', 'infección', 'colesterol', 'problema cardíaco', 'ataque al corazón']","['dolor torácico', 'dolor abdominal', 'confusión', 'dificultad para respirar', 'pérdida de peso', 'pérdida de memoria']"
D0682,Endometriosis ovárica,Enfermedades ginecológicas,"['dolor', 'ictus', 'ataque al corazón', 'azúcar en sangre', 'asma', 'artritis']","['vómitos', 'pérdida de memoria', 'confusión', 'sangrado', 'tos', 'fiebre']"
D0683,Síndrome de ovario poliquístico resistente a insulina,Enfermedades ginecológicas,"['infección', 'ictus', 'azúcar en sangre', 'ataque al corazón', 'diabetes', 'problema cardíaco']","['fiebre', 'mareos', 'dolor abdominal', 'dolor torácico', 'pérdida de peso', 'sangrado']"
D0684,Miomas uterinos múltiples,Enfermedades ginecológicas,"['presión alta', 'inflamación', 'colesterol', 'diabetes', 'ataque al corazón', 'problema digestivo']","['problemas para dormir', 'náuseas', 'dolor de cabeza', 'mareos', 'dolor abdominal', 'tos']"
D0685,Cáncer de cuello uterino invasivo,Enfermedades ginecológicas,"['hipotiroidismo', 'depresión', 'diabetes', 'eczema', 'problema cardíaco', 'ataque al corazón']","['vómitos', 'confusión', 'pérdida de peso', 'pérdida de apetito', 'pérdida de memoria', 'sangrado']"
D0686,Dismenorrea primaria,Enfermedades ginecológicas,"['inflamación', 'artritis', 'alergia', 'problema cardíaco', 'depresión', 'epilepsia']","['hinchazón', 'dificultad para respirar', 'fatiga', 'sangrado', 'dolor abdominal', 'náuseas']"
D0687,Menopausia precoz,Enfermedades ginecológicas,"['ataque al corazón', 'colesterol', 'ictus', 'artritis', 'presión alta', 'azúcar en sangre']","['sangrado', 'dolor torácico', 'visión borrosa', 'fiebre', 'hinchazón', 'pérdida de apetito']"
D0688,Quiste ovárico funcional,Enfermedades ginecológicas,"['asma', 'azúcar en sangre', 'presión alta', 'problema cardíaco', 'ataque al corazón', 'depresión']","['pérdida de memoria', 'pérdida de apetito', 'dolor de cabeza', 'sangrado', 'vómitos', 'dolor torácico']"
D0689,Endometriosis ovárica,Enfermedades ginecológicas,"['ataque al corazón', 'cáncer', 'eczema', 'depresión', 'ansiedad', 'dolor']","['fiebre', 'mareos', 'dolor torácico', 'pérdida de apetito', 'náuseas', 'tos']"
D0690,Síndrome de ovario poliquístico resistente a insulina,Enfermedades ginecológicas,"['problema digestivo', 'depresión', 'alergia', 'ansiedad', 'hipotiroidismo', 'artritis']","['dolor de cabeza', 'pérdida de memoria', 'confusión', 'tos', 'mareos', 'pérdida de peso']"
D0691,Esclerosis lateral amiotrófica bulbar,Enfermedades raras,"['azúcar en sangre', 'artritis', 'dolor', 'inflamación', 'ansiedad', 'hipotiroidismo']","['confusión', 'dolor abdominal', 'fatiga', 'dolor de cabeza', 'problemas para dormir', 'vómitos']"
D0692,Síndrome de Marfan clásico,Enfermedades raras,"['depresión', 'inflamación', 'problema cardíaco', 'cáncer', 'problema digestivo', 'artritis']","['dolor abdominal', 'pérdida de apetito', 'tos', 'pérdida de peso', 'fiebre', 'visión borrosa']"
D0693,Progeria de Hutchinson-Gilford,Enfermedades raras,"['ansiedad', 'cáncer', 'hipotiroidismo', 'problema cardíaco', 'problema digestivo', 'azúcar en sangre']","['dolor de cabeza', 'tos', 'fiebre', 'fatiga', 'problemas para dormir', 'pérdida de apetito']"
D0694,Síndrome de Rett con epilepsia,Enfermedades raras,"['artritis', 'ictus', 'problema digestivo', 'problema cardíaco', 'diabetes', 'inflamación']","['fiebre', 'confusión', 'sangrado', 'dolor abdominal', 'náuseas', 'vómitos']"
D0695,Anemia de Fanconi,Enfermedades raras,"['asma', 'problema digestivo', 'presión alta', 'epilepsia', 'cáncer', 'hipotiroidismo']","['confusión', 'visión borrosa', 'sangrado', 'problemas para dormir', 'tos', 'pérdida de memoria']"
D0696,Fibrosis quística,Enfermedades raras,"['eczema', 'asma', 'inflamación', 'colesterol', 'epilepsia', 'dolor']","['dolor torácico', 'dolor de cabeza', 'fiebre', 'pérdida de memoria', 'diarrea', 'sangrado']"
D0697,Distrofia muscular de Duchenne,Enfermedades raras,"['problema cardíaco', 'depresión', 'azúcar en sangre', 'artritis', 'ansiedad', 'dolor']","['pérdida de apetito', 'mareos', 'dificultad para respirar', 'problemas para dormir', 'hinchazón', 'dolor torácico']"
D0698,Esclerosis lateral amiotrófica bulbar,Enfermedades raras,"['colesterol', 'epilepsia', 'diabetes', 'hipotiroidismo', 'azúcar en sangre', 'problema digestivo']","['sangrado', 'dolor torácico', 'pérdida de peso', 'problemas para dormir', 'mareos', 'dolor de cabeza']"
D0699,Síndrome de Marfan clásico,Enfermedades raras,"['diabetes', 'problema cardíaco', 'ansiedad', 'depresión', 'ataque al corazón', 'colesterol']","['pérdida de peso', 'sangrado', 'dolor abdominal', 'fatiga', 'visión borrosa', 'dificultad para respirar']"
D0700,Progeria de Hutchinson-Gilford,Enfermedades raras,"['azúcar en sangre', 'ictus', 'colesterol', 'eczema', 'cáncer', 'artritis']","['dolor torácico', 'vómitos', 'mareos', 'problemas para dormir', 'fatiga', 'tos']"
D0701,Síndrome de Rett con epilepsia,Enfermedades raras,"['colesterol', 'azúcar en sangre', 'infección', 'problema digestivo', 'dolor', 'eczema']","['sangrado', 'fiebre', 'dolor torácico', 'problemas para dormir', 'pérdida de peso', 'pérdida de memoria']"
D0702,Anemia de Fanconi,Enfermedades raras,"['infección', 'azúcar en sangre', 'inflamación', 'ataque al corazón', 'ansiedad', 'diabetes']","['problemas para dormir', 'diarrea', 'tos', 'confusión', 'pérdida de peso', 'vómitos']"
D0703,Fibrosis quística,Enfermedades raras,"['infección', 'hipotiroidismo', 'azúcar en sangre', 'alergia', 'presión alta', 'problema cardíaco']","['pérdida de memoria', 'confusión', 'dificultad para respirar', 'tos', 'dolor abdominal', 'náuseas']"
D0704,Distrofia muscular de Duchenne,Enfermedades raras,"['ataque al corazón', 'presión alta', 'ictus', 'depresión', 'alergia', 'diabetes']","['dolor abdominal', 'dolor de cabeza', 'tos', 'pérdida de peso', 'dolor torácico', 'hinchazón']"
D0705,Esclerosis lateral amiotrófica bulbar,Enfermedades raras,"['alergia', 'problema digestivo', 'artritis', 'azúcar en sangre', 'ataque al corazón', 'dolor']","['mareos', 'problemas para dormir', 'pérdida de memoria', 'hinchazón', 'diarrea', 'tos']"
D0706,Síndrome de Marfan clásico,Enfermedades raras,"['dolor', 'asma', 'ictus', 'presión alta', 'depresión', 'ataque al corazón']","['sangrado', 'pérdida de peso', 'confusión', 'mareos', 'pérdida de apetito', 'dolor de cabeza']"
D0707,Progeria de Hutchinson-Gilford,Enfermedades raras,"['hipotiroidismo', 'asma', 'presión alta', 'cáncer', 'diabetes', 'ansiedad']","['hinchazón', 'problemas para dormir', 'pérdida de apetito', 'visión borrosa', 'dificultad para respirar', 'fiebre']"
D0708,Síndrome de Rett con epilepsia,Enfermedades raras,"['inflamación', 'infección', 'asma', 'diabetes', 'eczema', 'epilepsia']","['vómitos', 'hinchazón', 'pérdida de memoria', 'mareos', 'diarrea', 'sangrado']"
D0709,Anemia de Fanconi,Enfermedades raras,"['asma', 'presión alta', 'hipotiroidismo', 'inflamación', 'infección', 'eczema']","['confusión', 'hinchazón', 'dolor abdominal', 'pérdida de peso', 'dolor de cabeza', 'náuseas']"
D0710,Fibrosis quística,Enfermedades raras,"['presión alta', 'colesterol', 'inflamación', 'infección', 'hipotiroidismo', 'epilepsia']","['fatiga', 'vómitos', 'dolor de cabeza', 'visión borrosa', 'confusión', 'fiebre']"
D0711,Distrofia muscular de Duchenne,Enfermedades raras,"['ansiedad', 'depresión', 'epilepsia', 'ictus', 'alergia', 'asma']","['hinchazón', 'problemas para dormir', 'sangrado', 'pérdida de peso', 'dolor abdominal', 'dificultad para respirar']"
D0712,Esclerosis lateral amiotrófica bulbar,Enfermedades raras,"['cáncer', 'artritis', 'inflamación', 'alergia', 'depresión', 'azúcar en sangre']","['dolor torácico', 'fiebre', 'dificultad para respirar', 'mareos', 'pérdida de apetito', 'confusión']"
D0713,Síndrome de Marfan clásico,Enfermedades raras,"['ictus', 'problema digestivo', 'azúcar en sangre', 'problema cardíaco', 'eczema', 'epilepsia']","['pérdida de peso', 'dificultad para respirar', 'vómitos', 'dolor de cabeza', 'pérdida de memoria', 'dolor torácico']"
D0714,Progeria de Hutchinson-Gilford,Enfermedades raras,"['ataque al corazón', 'ictus', 'eczema', 'asma', 'ansiedad', 'problema cardíaco']","['dolor torácico', 'dolor abdominal', 'dolor de cabeza', 'visión borrosa', 'dificultad para respirar', 'hinchazón']"
D0715,Síndrome de Rett con epilepsia,Enfermedades raras,"['presión alta', 'asma', 'depresión', 'artritis', 'ansiedad', 'azúcar en sangre']","['tos', 'dolor de cabeza', 'diarrea', 'dolor abdominal', 'confusión', 'problemas para dormir']"
D0716,Anemia de Fanconi,Enfermedades raras,"['ictus', 'inflamación', 'problema cardíaco', 'infección', 'depresión', 'asma']","['pérdida de memoria', 'dolor abdominal', 'dolor de cabeza', 'fatiga', 'confusión', 'vómitos']"
D0717,Fibrosis quística,Enfermedades raras,"['eczema', 'cáncer', 'infección', 'presión alta', 'ictus', 'diabetes']","['pérdida de peso', 'dificultad para respirar', 'confusión', 'tos', 'sangrado', 'visión borrosa']"
D0718,Distrofia muscular de Duchenne,Enfermedades raras,"['alergia', 'ictus', 'hipotiroidismo', 'dolor', 'colesterol', 'problema cardíaco']","['dificultad para respirar', 'pérdida de peso', 'vómitos', 'fatiga', 'sangrado', 'pérdida de memoria']"
D0719,Esclerosis lateral amiotrófica bulbar,Enfermedades raras,"['infección', 'colesterol', 'depresión', 'epilepsia', 'ansiedad', 'presión alta']","['dolor de cabeza', 'diarrea', 'mareos', 'dificultad para respirar', 'pérdida de memoria', 'sangrado']"
D0720,Síndrome de Marfan clásico,Enfermedades raras,"['ictus', 'ansiedad', 'hipotiroidismo', 'infección', 'colesterol', 'depresión']","['náuseas', 'sangrado', 'problemas para dormir', 'dolor torácico', 'tos', 'diarrea']"
D0721,Progeria de Hutchinson-Gilford,Enfermedades raras,"['eczema', 'problema cardíaco', 'diabetes', 'azúcar en sangre', 'artritis', 'hipotiroidismo']","['pérdida de memoria', 'confusión', 'visión borrosa', 'pérdida de apetito', 'dolor abdominal', 'tos']"
D0722,Síndrome de Rett con epilepsia,Enfermedades raras,"['infección', 'inflamación', 'presión alta', 'alergia', 'ictus', 'epilepsia']","['dificultad para respirar', 'mareos', 'fatiga', 'sangrado', 'tos', 'pérdida de memoria']"
D0723,Anemia de Fanconi,Enfermedades raras,"['asma', 'epilepsia', 'colesterol', 'ansiedad', 'depresión', 'inflamación']","['visión borrosa', 'problemas para dormir', 'diarrea', 'dolor de cabeza', 'confusión', 'fiebre']"
D0724,Fibrosis quística,Enfermedades raras,"['ataque al corazón', 'ansiedad', 'artritis', 'eczema', 'depresión', 'infección']","['dolor abdominal', 'diarrea', 'fatiga', 'pérdida de apetito', 'vómitos', 'problemas para dormir']"
D0725,Distrofia muscular de Duchenne,Enfermedades raras,"['asma', 'ataque al corazón', 'ansiedad', 'problema digestivo', 'diabetes', 'infección']","['dificultad para respirar', 'dolor torácico', 'pérdida de peso', 'dolor abdominal', 'confusión', 'pérdida de memoria']"
D0726,Esclerosis lateral amiotrófica bulbar,Enfermedades raras,"['infección', 'presión alta', 'dolor', 'problema digestivo', 'ataque al corazón', 'cáncer']","['sangrado', 'náuseas', 'vómitos', 'pérdida de apetito', 'dificultad para respirar', 'dolor torácico']"
D0727,Síndrome de Marfan clásico,Enfermedades raras,"['ictus', 'ataque al corazón', 'hipotiroidismo', 'epilepsia', 'dolor', 'colesterol']","['pérdida de peso', 'náuseas', 'tos', 'dolor abdominal', 'vómitos', 'dolor torácico']"
D0728,Progeria de Hutchinson-Gilford,Enfermedades raras,"['artritis', 'ansiedad', 'hipotiroidismo', 'colesterol', 'ictus', 'inflamación']","['dolor de cabeza', 'confusión', 'náuseas', 'hinchazón', 'dolor abdominal', 'pérdida de apetito']"
D0729,Síndrome de Rett con epilepsia,Enfermedades raras,"['alergia', 'problema digestivo', 'epilepsia', 'inflamación', 'eczema', 'colesterol']","['dolor de cabeza', 'dolor torácico', 'dolor abdominal', 'mareos', 'hinchazón', 'visión borrosa']"
D0730,Anemia de Fanconi,Enfermedades raras,"['ataque al corazón', 'cáncer', 'asma', 'artritis', 'problema cardíaco', 'diabetes']","['dificultad para respirar', 'vómitos', 'confusión', 'problemas para dormir', 'fiebre', 'pérdida de apetito']"
D0731,Fibrosis quística,Enfermedades raras,"['presión alta', 'hipotiroidismo', 'ictus', 'eczema', 'diabetes', 'artritis']","['dolor torácico', 'dolor de cabeza', 'visión borrosa', 'dolor abdominal', 'mareos', 'problemas para dormir']"
D0732,Distrofia muscular de Duchenne,Enfermedades raras,"['asma', 'artritis', 'infección', 'hipotiroidismo', 'ansiedad', 'ataque al corazón']","['náuseas', 'dificultad para respirar', 'pérdida de apetito', 'sangrado', 'dolor torácico', 'vómitos']"
D0733,Esclerosis lateral amiotrófica bulbar,Enfermedades raras,"['depresión', 'ataque al corazón', 'diabetes', 'inflamación', 'infección', 'ictus']","['dificultad para respirar', 'sangrado', 'dolor torácico', 'náuseas', 'pérdida de peso', 'visión borrosa']"
D0734,Síndrome de Marfan clásico,Enfermedades raras,"['ansiedad', 'artritis', 'problema cardíaco', 'eczema', 'diabetes', 'azúcar en sangre']","['dolor de cabeza', 'náuseas', 'confusión', 'mareos', 'dificultad para respirar', 'hinchazón']"
D0735,Progeria de Hutchinson-Gilford,Enfermedades raras,"['ataque al corazón', 'problema cardíaco', 'ictus', 'depresión', 'artritis', 'eczema']","['mareos', 'dificultad para respirar', 'dolor de cabeza', 'fiebre', 'diarrea', 'visión borrosa']"
D0736,Síndrome de Rett con epilepsia,Enfermedades raras,"['azúcar en sangre', 'depresión', 'infección', 'epilepsia', 'colesterol', 'asma']","['fiebre', 'pérdida de apetito', 'dolor torácico', 'dolor de cabeza', 'visión borrosa', 'vómitos']"
D0737,Anemia de Fanconi,Enfermedades raras,"['diabetes', 'azúcar en sangre', 'eczema', 'cáncer', 'alergia', 'ictus']","['dolor de cabeza', 'problemas para dormir', 'sangrado', 'tos', 'hinchazón', 'náuseas']"
D0738,Fibrosis quística,Enfermedades raras,"['alergia', 'azúcar en sangre', 'diabetes', 'hipotiroidismo', 'dolor', 'epilepsia']","['problemas para dormir', 'pérdida de peso', 'dificultad para respirar', 'pérdida de apetito', 'confusión', 'diarrea']"
D0739,Distrofia muscular de Duchenne,Enfermedades raras,"['eczema', 'hipotiroidismo', 'alergia', 'ataque al corazón', 'artritis', 'presión alta']","['dolor de cabeza', 'pérdida de memoria', 'fiebre', 'hinchazón', 'sangrado', 'confusión']"
D0740,Esclerosis lateral amiotrófica bulbar,Enfermedades raras,"['cáncer', 'colesterol', 'azúcar en sangre', 'epilepsia', 'asma', 'problema digestivo']","['dolor de cabeza', 'fiebre', 'confusión', 'problemas para dormir', 'pérdida de apetito', 'visión borrosa']"
